order_id,order_date,customer_id,product_category,region,quantity,unit_price,discount,payment_method,delivery_days
10001,1/1/2022,1102,Beauty,South,7,373.65,0.28,Wallet,10
10002,1/2/2022,1435,Clothing,South,7,47.74,0.09,Card,6
10003,1/3/2022,1860,Beauty,East,3,311.28,0.31,COD,6
10004,1/4/2022,1270,Electronics,West,5,524.47,0.02,Wallet,6
10005,1/5/2022,1106,Clothing,West,5,139.87,0.33,Wallet,4
10006,1/6/2022,1071,Electronics,West,2,264.44,0.2,Card,3
10007,1/7/2022,1700,Clothing,South,6,564.6,0.23,Card,1
10008,1/8/2022,1020,Beauty,North,6,265.71,0.13,Card,2
10009,1/9/2022,1614,Clothing,South,6,224.65,0.27,Card,2
10010,1/10/2022,1121,Clothing,West,4,272.71,0.06,Card,10
10011,1/11/2022,1466,Clothing,West,6,318.88,0.02,COD,7
10012,1/12/2022,1214,Electronics,West,3,384.71,0.14,COD,11
10013,1/13/2022,1330,Beauty,South,7,483.41,0.3,COD,6
10014,1/14/2022,1458,Clothing,West,7,279.48,0.26,COD,8
10015,1/15/2022,1087,Clothing,East,4,493.23,0.18,Card,9
10016,1/16/2022,1372,Clothing,West,2,327.23,0.2,Wallet,5
10017,1/17/2022,1099,Clothing,North,3,213.01,0.05,Wallet,11
10018,1/18/2022,1871,Electronics,East,7,399.9,0.29,COD,3
10019,1/19/2022,1663,Home,West,3,434.87,0.28,Wallet,4
10020,1/20/2022,1130,Electronics,East,7,341.46,0.23,Card,11
10021,1/21/2022,1661,Home,West,1,48.12,0.16,COD,8
10022,1/22/2022,1308,Home,North,2,114.38,0.34,Card,3
10023,1/23/2022,1769,Home,West,2,181.9,0.31,Card,2
10024,1/24/2022,1343,Clothing,East,1,180.34,0.23,Card,7
10025,1/25/2022,1491,Clothing,North,4,408.95,0.13,COD,4
10026,1/26/2022,1413,Electronics,South,7,25.73,0.22,Card,8
10027,1/27/2022,1805,Home,North,7,457.07,0.2,COD,1
10028,1/28/2022,1385,Electronics,North,7,170.23,0.14,Card,8
10029,1/29/2022,1191,Clothing,North,6,196.36,0.11,Wallet,5
10030,1/30/2022,1955,Electronics,East,6,323.83,0.14,COD,2
10031,1/31/2022,1276,Electronics,North,6,141.32,0.2,Card,1
10032,2/1/2022,1160,Clothing,West,6,532.42,0.15,Card,6
10033,2/2/2022,1459,Electronics,North,6,64.94,0.09,Wallet,9
10034,2/3/2022,1313,Home,North,1,274.96,0.27,Card,9
10035,2/4/2022,1021,Electronics,West,2,511.91,0.19,COD,9
10036,2/5/2022,1252,Electronics,West,4,375.27,0.02,COD,11
10037,2/6/2022,1747,Clothing,South,3,186.01,0.13,Card,4
10038,2/7/2022,1856,Electronics,North,6,261.14,0.31,Card,6
10039,2/8/2022,1560,Electronics,East,1,428.42,0.26,COD,10
10040,2/9/2022,1474,Home,North,7,584.36,0.11,Card,6
10041,2/10/2022,1058,Electronics,North,4,537.49,0.33,Card,5
10042,2/11/2022,1510,Home,West,4,215.32,0.03,Card,2
10043,2/12/2022,1681,Electronics,South,4,598.95,0.34,Card,7
10044,2/13/2022,1475,Electronics,North,1,17.05,0.09,Card,1
10045,2/14/2022,1699,Home,East,3,31.16,0,Wallet,6
10046,2/15/2022,1975,Electronics,North,6,496.95,0.15,COD,5
10047,2/16/2022,1782,Electronics,East,4,131.69,0.13,COD,5
10048,2/17/2022,1189,Clothing,West,1,50.55,0.19,Card,8
10049,2/18/2022,1957,Electronics,South,7,153.73,0.28,Card,9
10050,2/19/2022,1686,Home,North,2,264.27,0.29,Wallet,7
10051,2/20/2022,1957,Electronics,South,7,442.38,0.14,COD,10
10052,2/21/2022,1562,Home,North,1,380.24,0.15,Card,8
10053,2/22/2022,1875,Beauty,East,1,154.01,0.05,Card,2
10054,2/23/2022,1566,Clothing,South,1,309.41,0.02,COD,2
10055,2/24/2022,1243,Beauty,North,4,556.84,0.22,Wallet,8
10056,2/25/2022,1831,Clothing,West,1,491.78,0.02,Card,6
10057,2/26/2022,1504,Beauty,East,2,204.07,0.26,COD,8
10058,2/27/2022,1130,Electronics,South,4,589.62,0.19,COD,9
10059,2/28/2022,1484,Home,North,7,429.54,0.07,Wallet,9
10060,3/1/2022,1818,Clothing,South,2,51.53,0.19,Wallet,11
10061,3/2/2022,1646,Clothing,North,5,35.57,0.06,Card,6
10062,3/3/2022,1020,Clothing,East,7,113.52,0.15,COD,8
10063,3/4/2022,1840,Home,West,1,440.8,0.28,COD,2
10064,3/5/2022,1166,Electronics,East,6,122.49,0.16,COD,8
10065,3/6/2022,1273,Electronics,South,6,314.22,0.05,Wallet,3
10066,3/7/2022,1387,Home,South,4,69.56,0.25,Wallet,1
10067,3/8/2022,1600,Home,North,6,553.72,0.07,Card,7
10068,3/9/2022,1315,Beauty,East,7,216.22,0.26,Card,1
10069,3/10/2022,1013,Home,North,4,546.26,0.17,COD,11
10070,3/11/2022,1241,Beauty,East,7,567.75,0.16,Card,1
10071,3/12/2022,1776,Home,South,1,18.59,0.3,Card,1
10072,3/13/2022,1345,Electronics,North,3,286.52,0.25,Card,4
10073,3/14/2022,1564,Electronics,North,3,29.42,0.01,Wallet,4
10074,3/15/2022,1897,Home,East,2,546.59,0.1,Card,10
10075,3/16/2022,1339,Clothing,West,1,318.27,0.3,COD,11
10076,3/17/2022,1091,Electronics,East,6,58.84,0.01,Card,6
10077,3/18/2022,1366,Clothing,West,1,79.51,0.19,Card,10
10078,3/19/2022,1955,Beauty,East,5,239.35,0.25,Card,3
10079,3/20/2022,1454,Clothing,South,3,565.04,0.22,Card,10
10080,3/21/2022,1427,Clothing,North,6,420.35,0.27,Wallet,6
10081,3/22/2022,1508,Clothing,East,7,522.56,0.25,Wallet,7
10082,3/23/2022,1775,Electronics,South,7,229.38,0.24,COD,11
10083,3/24/2022,1942,Clothing,East,3,40.28,0.29,Card,1
10084,3/25/2022,1034,Clothing,North,1,584.98,0.23,COD,6
10085,3/26/2022,1205,Electronics,East,6,25.05,0.14,Card,10
10086,3/27/2022,1080,Home,West,2,569.38,0.17,Card,1
10087,3/28/2022,1931,Clothing,North,7,230.68,0.25,COD,7
10088,3/29/2022,1561,Home,West,1,20.9,0.31,COD,10
10089,3/30/2022,1871,Beauty,South,2,418.16,0.1,Card,5
10090,3/31/2022,1387,Electronics,South,6,588.62,0.12,Card,10
10091,4/1/2022,1001,Home,East,3,579.89,0.33,Wallet,4
10092,4/2/2022,1389,Clothing,West,5,109.15,0.2,Card,1
10093,4/3/2022,1565,Beauty,West,4,121.03,0.06,Wallet,9
10094,4/4/2022,1105,Electronics,North,3,345.84,0.23,Wallet,7
10095,4/5/2022,1771,Home,West,2,387.82,0.35,COD,2
10096,4/6/2022,1821,Clothing,West,1,447.56,0.29,Card,4
10097,4/7/2022,1476,Electronics,North,7,120.91,0.26,COD,4
10098,4/8/2022,1702,Electronics,North,6,576.02,0.07,Card,8
10099,4/9/2022,1401,Home,West,3,388.66,0.31,Card,2
10100,4/10/2022,1729,Home,East,7,510.52,0.18,COD,11
10101,4/11/2022,1555,Electronics,North,7,330.94,0.31,Card,5
10102,4/12/2022,1161,Clothing,North,5,257.35,0.12,Card,10
10103,4/13/2022,1201,Clothing,West,6,586.65,0.02,COD,8
10104,4/14/2022,1957,Home,West,2,355.54,0.17,COD,6
10105,4/15/2022,1995,Electronics,North,6,522.12,0.09,Card,4
10106,4/16/2022,1269,Beauty,West,6,572.68,0.25,Card,5
10107,4/17/2022,1862,Electronics,North,1,410.08,0.33,Card,2
10108,4/18/2022,1815,Clothing,East,4,336.13,0.24,Card,5
10109,4/19/2022,1270,Electronics,East,7,17.05,0.31,COD,3
10110,4/20/2022,1455,Electronics,North,2,38.41,0.16,COD,3
10111,4/21/2022,1461,Clothing,North,1,132.5,0.27,COD,7
10112,4/22/2022,1726,Electronics,South,7,123.81,0.3,Card,3
10113,4/23/2022,1251,Home,South,4,164.03,0.25,Card,4
10114,4/24/2022,1701,Electronics,West,1,193.39,0.18,Card,7
10115,4/25/2022,1295,Clothing,West,4,225.64,0.22,Card,3
10116,4/26/2022,1724,Electronics,North,4,261.01,0.25,Card,10
10117,4/27/2022,1719,Electronics,North,4,72.84,0.09,Card,10
10118,4/28/2022,1748,Electronics,South,1,39.78,0.28,Card,2
10119,4/29/2022,1337,Clothing,South,6,409.26,0.33,COD,10
10120,4/30/2022,1878,Clothing,North,4,329.34,0.16,COD,7
10121,5/1/2022,1052,Clothing,East,6,274.82,0.25,COD,5
10122,5/2/2022,1791,Clothing,East,7,386.15,0.26,Card,1
10123,5/3/2022,1921,Clothing,West,7,499.19,0.23,Wallet,10
10124,5/4/2022,1216,Electronics,North,2,265.2,0.19,Wallet,8
10125,5/5/2022,1763,Clothing,North,5,390.05,0.31,Card,3
10126,5/6/2022,1187,Beauty,West,6,572.84,0.16,COD,11
10127,5/7/2022,1379,Clothing,South,7,506.18,0.02,Wallet,7
10128,5/8/2022,1492,Home,South,5,264.21,0.3,COD,6
10129,5/9/2022,1040,Electronics,East,4,392.16,0.24,Card,10
10130,5/10/2022,1156,Home,North,5,118.59,0.3,COD,6
10131,5/11/2022,1014,Home,South,5,342.91,0.05,COD,8
10132,5/12/2022,1812,Clothing,East,4,589.08,0.01,Card,4
10133,5/13/2022,1064,Beauty,East,6,318.21,0.33,Wallet,4
10134,5/14/2022,1856,Electronics,East,4,557.67,0.05,COD,3
10135,5/15/2022,1838,Electronics,South,2,253.29,0.28,Card,1
10136,5/16/2022,1520,Home,South,3,599.32,0.29,COD,10
10137,5/17/2022,1343,Home,North,1,353.84,0.25,COD,3
10138,5/18/2022,1128,Electronics,North,4,39.73,0.05,Card,1
10139,5/19/2022,1647,Electronics,East,4,358.25,0.23,Card,6
10140,5/20/2022,1471,Electronics,East,5,175.63,0.31,Wallet,8
10141,5/21/2022,1062,Electronics,South,2,34,0.15,COD,3
10142,5/22/2022,1138,Home,South,7,495.2,0.14,Card,4
10143,5/23/2022,1498,Clothing,North,7,176.3,0.16,Card,5
10144,5/24/2022,1592,Electronics,North,5,480.98,0.03,COD,7
10145,5/25/2022,1391,Clothing,West,6,183.61,0.31,COD,11
10146,5/26/2022,1674,Electronics,North,4,128.68,0.3,Card,6
10147,5/27/2022,1418,Electronics,South,4,584.75,0.35,COD,2
10148,5/28/2022,1288,Clothing,East,5,226.56,0.2,Card,7
10149,5/29/2022,1378,Beauty,West,4,366.81,0.26,Card,8
10150,5/30/2022,1772,Home,North,6,371.84,0.07,COD,1
10151,5/31/2022,1489,Electronics,North,3,342.88,0.23,Card,6
10152,6/1/2022,1230,Beauty,South,1,550.1,0.23,Wallet,11
10153,6/2/2022,1040,Home,West,1,409.55,0.32,Card,9
10154,6/3/2022,1027,Home,North,1,251.18,0.29,COD,7
10155,6/4/2022,1134,Clothing,East,3,519.49,0.33,Card,5
10156,6/5/2022,1200,Clothing,South,4,120.92,0.3,Card,10
10157,6/6/2022,1839,Electronics,West,5,333.38,0.3,COD,11
10158,6/7/2022,1779,Electronics,North,7,571.07,0.02,COD,10
10159,6/8/2022,1929,Electronics,North,2,380.86,0.3,COD,9
10160,6/9/2022,1032,Electronics,West,4,492.93,0.21,COD,2
10161,6/10/2022,1047,Clothing,South,3,397.33,0.13,COD,7
10162,6/11/2022,1502,Home,West,6,506.03,0.02,COD,9
10163,6/12/2022,1406,Clothing,West,3,567.53,0.24,COD,2
10164,6/13/2022,1573,Electronics,South,7,174.66,0.11,COD,11
10165,6/14/2022,1727,Beauty,North,1,114.25,0.16,COD,10
10166,6/15/2022,1804,Beauty,East,4,298.13,0.24,Wallet,6
10167,6/16/2022,1098,Home,South,7,425.59,0.32,Card,9
10168,6/17/2022,1683,Beauty,East,1,147.91,0.29,COD,3
10169,6/18/2022,1871,Clothing,North,2,17.4,0.16,Card,8
10170,6/19/2022,1725,Beauty,West,6,215.62,0.14,Card,5
10171,6/20/2022,1986,Electronics,East,1,581.78,0.08,Card,7
10172,6/21/2022,1546,Clothing,North,2,421.56,0.13,Wallet,3
10173,6/22/2022,1960,Electronics,North,3,249.78,0.04,COD,8
10174,6/23/2022,1738,Electronics,West,1,127.66,0.34,COD,2
10175,6/24/2022,1612,Electronics,West,1,223.31,0.2,Card,8
10176,6/25/2022,1942,Clothing,North,5,114.36,0.04,COD,2
10177,6/26/2022,1461,Home,North,6,77.19,0.12,Wallet,7
10178,6/27/2022,1642,Clothing,East,6,545.44,0.19,Card,2
10179,6/28/2022,1768,Electronics,North,7,598.63,0.19,Card,7
10180,6/29/2022,1004,Home,North,3,111.01,0.01,Card,1
10181,6/30/2022,1217,Clothing,East,5,46.9,0.33,COD,6
10182,7/1/2022,1502,Clothing,South,7,207.89,0.1,COD,10
10183,7/2/2022,1766,Home,East,2,285.07,0.01,COD,7
10184,7/3/2022,1397,Electronics,East,7,134.82,0.03,COD,4
10185,7/4/2022,1870,Electronics,West,2,191.33,0.2,Card,11
10186,7/5/2022,1794,Beauty,East,3,132.51,0.05,COD,11
10187,7/6/2022,1392,Electronics,North,6,467.94,0.01,Card,1
10188,7/7/2022,1206,Clothing,North,2,431.86,0.13,Card,6
10189,7/8/2022,1014,Beauty,North,3,386.45,0.22,COD,4
10190,7/9/2022,1857,Home,South,7,241.52,0.04,Wallet,3
10191,7/10/2022,1553,Electronics,North,2,546.79,0.11,COD,4
10192,7/11/2022,1891,Electronics,South,4,582.18,0.15,COD,6
10193,7/12/2022,1460,Electronics,North,1,116.58,0.06,Card,5
10194,7/13/2022,1690,Clothing,East,7,145.46,0.18,Card,2
10195,7/14/2022,1574,Clothing,West,6,322.49,0.03,Card,2
10196,7/15/2022,1863,Electronics,North,7,68.38,0.02,Wallet,3
10197,7/16/2022,1742,Beauty,South,4,270.32,0.18,Wallet,11
10198,7/17/2022,1240,Clothing,South,3,355.35,0.09,Wallet,6
10199,7/18/2022,1563,Electronics,West,3,320.41,0.03,Card,1
10200,7/19/2022,1095,Clothing,North,7,208.58,0.15,COD,11
10201,7/20/2022,1899,Home,East,4,332.33,0.32,COD,7
10202,7/21/2022,1733,Electronics,North,7,575.9,0.25,COD,8
10203,7/22/2022,1484,Electronics,North,1,135.52,0.29,COD,7
10204,7/23/2022,1406,Home,West,1,398.08,0.31,COD,11
10205,7/24/2022,1230,Clothing,North,5,40.39,0.34,Card,3
10206,7/25/2022,1748,Clothing,East,2,53.85,0.27,Card,6
10207,7/26/2022,1654,Clothing,South,5,337.82,0.21,Card,4
10208,7/27/2022,1170,Electronics,West,1,76.39,0.13,Card,5
10209,7/28/2022,1540,Electronics,East,4,28.07,0.06,Card,3
10210,7/29/2022,1035,Clothing,South,2,115.34,0.24,Card,5
10211,7/30/2022,1524,Electronics,West,4,345.44,0.35,Card,6
10212,7/31/2022,1159,Electronics,West,5,426.45,0.16,COD,8
10213,8/1/2022,1838,Home,South,3,133.45,0.25,Wallet,6
10214,8/2/2022,1698,Beauty,South,4,405.93,0.17,Wallet,9
10215,8/3/2022,1242,Home,East,5,121.75,0.15,Card,10
10216,8/4/2022,1085,Beauty,North,5,373.87,0.14,Card,10
10217,8/5/2022,1795,Electronics,North,5,256,0.18,Card,10
10218,8/6/2022,1577,Beauty,North,3,397.47,0.13,Wallet,10
10219,8/7/2022,1681,Electronics,North,3,597.11,0.26,COD,4
10220,8/8/2022,1556,Beauty,North,7,563.62,0.31,Card,2
10221,8/9/2022,1573,Beauty,East,3,17.5,0.31,Wallet,9
10222,8/10/2022,1952,Home,West,2,532.98,0.08,Card,11
10223,8/11/2022,1645,Beauty,East,3,53.9,0.31,Wallet,3
10224,8/12/2022,1795,Clothing,East,3,572.53,0.12,Card,11
10225,8/13/2022,1027,Electronics,East,3,179.87,0.11,Card,7
10226,8/14/2022,1619,Clothing,West,4,238.49,0.25,COD,4
10227,8/15/2022,1555,Clothing,East,3,68.61,0.11,Wallet,1
10228,8/16/2022,1339,Electronics,East,2,80.68,0.02,Wallet,8
10229,8/17/2022,1797,Clothing,West,5,440.14,0.13,COD,4
10230,8/18/2022,1957,Beauty,East,4,567.43,0.25,Card,11
10231,8/19/2022,1330,Electronics,North,1,372.29,0.11,Card,6
10232,8/20/2022,1639,Home,South,3,433.77,0.22,Wallet,7
10233,8/21/2022,1505,Beauty,East,7,460.75,0.23,COD,8
10234,8/22/2022,1347,Beauty,South,7,168.75,0.26,COD,10
10235,8/23/2022,1472,Beauty,East,5,41.46,0.31,Card,2
10236,8/24/2022,1230,Clothing,East,5,16.1,0.15,COD,9
10237,8/25/2022,1189,Beauty,North,4,220.13,0.06,Card,10
10238,8/26/2022,1224,Home,West,7,156.26,0.11,COD,3
10239,8/27/2022,1384,Electronics,South,1,51.46,0.15,Wallet,1
10240,8/28/2022,1376,Clothing,West,6,120.02,0.25,COD,2
10241,8/29/2022,1282,Home,North,7,87.83,0,COD,8
10242,8/30/2022,1957,Electronics,North,7,550.2,0.11,Card,10
10243,8/31/2022,1632,Clothing,South,2,97.06,0.27,Card,6
10244,9/1/2022,1627,Home,West,6,329.52,0.23,Wallet,11
10245,9/2/2022,1972,Electronics,North,5,361.97,0.26,Card,1
10246,9/3/2022,1744,Clothing,East,6,332.94,0.28,Wallet,11
10247,9/4/2022,1258,Home,East,7,72.95,0.27,COD,9
10248,9/5/2022,1358,Clothing,East,5,201.5,0.24,COD,7
10249,9/6/2022,1709,Electronics,West,6,44.99,0.15,Wallet,10
10250,9/7/2022,1455,Electronics,East,5,246.47,0.34,COD,11
10251,9/8/2022,1410,Clothing,East,5,125.33,0.2,Wallet,3
10252,9/9/2022,1648,Beauty,North,4,343.56,0.07,Card,7
10253,9/10/2022,1317,Electronics,North,1,420.29,0.1,COD,6
10254,9/11/2022,1676,Clothing,East,5,326.29,0.24,COD,3
10255,9/12/2022,1224,Electronics,East,2,269.03,0.32,Card,8
10256,9/13/2022,1818,Electronics,North,7,241.59,0.06,COD,1
10257,9/14/2022,1233,Home,South,7,507.39,0.03,COD,5
10258,9/15/2022,1683,Home,West,2,143.33,0.31,Wallet,8
10259,9/16/2022,1663,Electronics,West,3,444.52,0.32,Card,3
10260,9/17/2022,1974,Clothing,North,5,458.13,0.1,COD,11
10261,9/18/2022,1826,Electronics,West,5,260.23,0.13,Card,10
10262,9/19/2022,1373,Clothing,North,5,188.92,0.23,COD,11
10263,9/20/2022,1671,Home,North,6,290.27,0.12,COD,6
10264,9/21/2022,1607,Electronics,North,5,69.53,0.31,COD,10
10265,9/22/2022,1471,Electronics,North,5,41.87,0.04,Card,11
10266,9/23/2022,1232,Clothing,South,2,80.29,0.01,Card,2
10267,9/24/2022,1691,Beauty,East,1,124.48,0.07,Card,9
10268,9/25/2022,1112,Beauty,East,1,309.94,0.1,Card,2
10269,9/26/2022,1829,Electronics,South,3,511.74,0.04,COD,5
10270,9/27/2022,1496,Home,West,2,152.85,0.02,Wallet,3
10271,9/28/2022,1441,Clothing,West,5,562.07,0.26,Card,10
10272,9/29/2022,1563,Clothing,East,1,573.62,0.06,Card,9
10273,9/30/2022,1267,Home,West,4,575.96,0.32,COD,9
10274,10/1/2022,1509,Beauty,East,4,504.97,0.13,COD,7
10275,10/2/2022,1806,Beauty,East,4,227.84,0.23,Card,10
10276,10/3/2022,1385,Clothing,South,5,57.52,0.08,Card,5
10277,10/4/2022,1386,Clothing,West,5,347.76,0.08,Card,9
10278,10/5/2022,1112,Home,South,3,341.83,0.2,Card,7
10279,10/6/2022,1612,Electronics,East,7,512.24,0.2,Card,2
10280,10/7/2022,1624,Clothing,East,3,597.65,0.27,Card,10
10281,10/8/2022,1951,Clothing,East,3,312.27,0.27,COD,1
10282,10/9/2022,1080,Home,North,6,216.94,0.23,COD,10
10283,10/10/2022,1698,Electronics,North,4,123.75,0.16,Card,10
10284,10/11/2022,1112,Electronics,North,5,17.81,0.31,COD,4
10285,10/12/2022,1001,Beauty,South,4,312.83,0.22,COD,10
10286,10/13/2022,1641,Electronics,East,3,339.98,0.35,Wallet,8
10287,10/14/2022,1219,Clothing,West,5,497.59,0.29,Card,6
10288,10/15/2022,1565,Electronics,South,2,310.18,0.02,COD,2
10289,10/16/2022,1854,Electronics,South,1,551.13,0.11,COD,5
10290,10/17/2022,1996,Electronics,South,1,382.43,0.2,Card,9
10291,10/18/2022,1735,Electronics,West,3,506.6,0.25,Wallet,6
10292,10/19/2022,1224,Beauty,East,7,101.76,0.19,COD,6
10293,10/20/2022,1384,Electronics,North,4,515.37,0.28,COD,7
10294,10/21/2022,1402,Beauty,East,2,409.96,0.1,Card,11
10295,10/22/2022,1637,Clothing,East,5,114.59,0.06,Card,5
10296,10/23/2022,1129,Clothing,South,7,126.01,0.02,COD,3
10297,10/24/2022,1052,Clothing,South,4,557,0.2,Card,3
10298,10/25/2022,1683,Clothing,South,3,33.85,0.24,COD,5
10299,10/26/2022,1729,Home,North,4,285.58,0.11,Card,4
10300,10/27/2022,1671,Electronics,North,3,198.38,0.21,COD,5
10301,10/28/2022,1709,Clothing,North,6,404.07,0.02,COD,9
10302,10/29/2022,1415,Beauty,East,1,506.18,0.03,Card,5
10303,10/30/2022,1246,Beauty,South,7,225.82,0.25,COD,4
10304,10/31/2022,1835,Beauty,West,1,264.74,0.13,Card,4
10305,11/1/2022,1438,Clothing,East,4,589.42,0.23,Card,1
10306,11/2/2022,1202,Home,North,2,473.59,0.29,Card,10
10307,11/3/2022,1183,Clothing,West,5,539.86,0.3,Card,4
10308,11/4/2022,1122,Clothing,West,3,271.68,0.06,Card,4
10309,11/5/2022,1400,Electronics,South,5,151.93,0.17,Wallet,9
10310,11/6/2022,1766,Clothing,West,1,255.94,0.26,Card,11
10311,11/7/2022,1293,Electronics,North,2,433.91,0.27,Card,4
10312,11/8/2022,1279,Electronics,South,2,79.02,0.27,Card,7
10313,11/9/2022,1836,Beauty,West,5,173.22,0.08,Card,1
10314,11/10/2022,1883,Electronics,South,1,42.28,0.07,COD,7
10315,11/11/2022,1609,Electronics,West,5,267.92,0.21,Card,2
10316,11/12/2022,1197,Electronics,East,4,499.06,0.26,COD,11
10317,11/13/2022,1981,Beauty,East,2,29.43,0.11,Card,8
10318,11/14/2022,1906,Clothing,North,2,410.06,0.04,Wallet,1
10319,11/15/2022,1510,Clothing,East,4,560.51,0.25,Card,10
10320,11/16/2022,1751,Home,East,1,153.6,0.1,COD,3
10321,11/17/2022,1143,Home,East,2,420.78,0.06,COD,8
10322,11/18/2022,1608,Electronics,West,7,585.43,0.05,Card,10
10323,11/19/2022,1200,Home,West,6,577.93,0.11,COD,8
10324,11/20/2022,1123,Home,South,6,152.43,0.21,COD,11
10325,11/21/2022,1186,Home,West,6,73.69,0.13,Card,5
10326,11/22/2022,1325,Electronics,East,3,101.75,0.01,COD,5
10327,11/23/2022,1463,Beauty,West,7,425.69,0.03,Wallet,8
10328,11/24/2022,1348,Clothing,North,3,439.57,0.1,COD,10
10329,11/25/2022,1770,Electronics,South,1,409.43,0.23,Wallet,5
10330,11/26/2022,1659,Clothing,South,4,211.61,0.03,Card,9
10331,11/27/2022,1763,Electronics,West,5,114.32,0.2,COD,1
10332,11/28/2022,1954,Electronics,East,7,354.75,0.04,Wallet,5
10333,11/29/2022,1931,Home,South,1,297.95,0.07,Card,3
10334,11/30/2022,1402,Electronics,North,5,441.37,0.06,Wallet,3
10335,12/1/2022,1345,Clothing,North,1,273.2,0.02,Card,2
10336,12/2/2022,1962,Clothing,South,3,213.1,0.23,Wallet,3
10337,12/3/2022,1510,Electronics,East,6,186.68,0.16,Card,7
10338,12/4/2022,1146,Beauty,East,4,138.71,0.29,Card,8
10339,12/5/2022,1147,Electronics,West,3,170.46,0.03,Wallet,8
10340,12/6/2022,1863,Electronics,West,4,70.48,0.05,Card,11
10341,12/7/2022,1710,Electronics,South,7,217.91,0.11,Card,8
10342,12/8/2022,1819,Electronics,West,5,36.39,0.27,Card,1
10343,12/9/2022,1488,Electronics,West,1,124.05,0.11,COD,11
10344,12/10/2022,1928,Home,West,2,451.86,0.14,Wallet,7
10345,12/11/2022,1935,Beauty,North,2,205.4,0.11,Card,2
10346,12/12/2022,1639,Electronics,West,4,405.92,0.03,COD,11
10347,12/13/2022,1550,Home,South,6,434.38,0.33,Card,10
10348,12/14/2022,1337,Home,East,6,354.99,0.19,COD,4
10349,12/15/2022,1871,Home,West,4,575.84,0.28,Card,5
10350,12/16/2022,1640,Clothing,East,3,27.54,0.23,Card,1
10351,12/17/2022,1778,Electronics,West,2,447.11,0.18,Card,4
10352,12/18/2022,1987,Electronics,South,3,575.89,0.03,COD,4
10353,12/19/2022,1952,Home,North,5,519.43,0.22,Wallet,9
10354,12/20/2022,1472,Home,South,2,113.22,0.05,COD,9
10355,12/21/2022,1945,Electronics,North,5,206.19,0.15,Card,11
10356,12/22/2022,1150,Clothing,West,1,115.88,0.22,COD,10
10357,12/23/2022,1414,Beauty,West,3,366.77,0.27,COD,1
10358,12/24/2022,1989,Home,North,4,431.63,0.24,Card,8
10359,12/25/2022,1297,Beauty,South,2,200.49,0.24,Card,4
10360,12/26/2022,1610,Home,South,3,330.61,0.05,Card,4
10361,12/27/2022,1262,Clothing,North,4,419.19,0.12,COD,5
10362,12/28/2022,1763,Clothing,West,1,261.48,0.02,COD,2
10363,12/29/2022,1143,Home,North,2,514.6,0.25,COD,1
10364,12/30/2022,1345,Electronics,West,5,466.36,0.33,Card,5
10365,12/31/2022,1623,Clothing,North,1,52.83,0.09,Card,7
10366,1/1/2023,1571,Home,West,6,378.36,0.03,Wallet,10
10367,1/2/2023,1880,Electronics,North,4,152.67,0.17,Card,9
10368,1/3/2023,1001,Home,East,2,341.15,0.3,Wallet,2
10369,1/4/2023,1896,Clothing,West,2,574.78,0.19,COD,8
10370,1/5/2023,1303,Beauty,South,7,529.25,0.02,Card,7
10371,1/6/2023,1253,Electronics,North,7,251.64,0.34,COD,2
10372,1/7/2023,1651,Electronics,South,1,185.54,0.29,Wallet,5
10373,1/8/2023,1452,Clothing,North,2,152.13,0.05,Card,7
10374,1/9/2023,1036,Electronics,South,4,326.52,0.32,Wallet,3
10375,1/10/2023,1159,Home,South,1,81.84,0.16,Card,2
10376,1/11/2023,1008,Home,North,5,336.33,0.13,COD,6
10377,1/12/2023,1232,Electronics,North,1,15.78,0.16,Wallet,10
10378,1/13/2023,1098,Clothing,South,1,204.45,0.29,Wallet,6
10379,1/14/2023,1658,Clothing,South,5,143.66,0.23,COD,11
10380,1/15/2023,1815,Clothing,South,6,583.16,0.02,COD,4
10381,1/16/2023,1207,Beauty,West,7,440.44,0.34,Card,1
10382,1/17/2023,1130,Home,West,4,219.55,0.05,Card,5
10383,1/18/2023,1403,Home,East,6,69.31,0.26,Card,1
10384,1/19/2023,1151,Home,West,6,317.33,0.22,Card,11
10385,1/20/2023,1053,Clothing,West,6,139.87,0.07,Card,11
10386,1/21/2023,1119,Beauty,North,7,328.81,0.06,Card,8
10387,1/22/2023,1672,Home,East,3,503.69,0.3,Wallet,2
10388,1/23/2023,1919,Home,East,7,375.24,0.15,COD,9
10389,1/24/2023,1627,Beauty,West,6,385.77,0.23,Card,9
10390,1/25/2023,1586,Electronics,North,3,331.5,0.18,Wallet,3
10391,1/26/2023,1624,Home,North,5,557.45,0.25,Card,6
10392,1/27/2023,1967,Electronics,East,7,560.16,0.17,COD,9
10393,1/28/2023,1419,Electronics,North,4,314.94,0.1,COD,7
10394,1/29/2023,1421,Electronics,South,6,193.87,0.13,Card,4
10395,1/30/2023,1103,Beauty,West,2,283.86,0.3,COD,3
10396,1/31/2023,1851,Beauty,South,5,124.14,0.16,Card,2
10397,2/1/2023,1253,Home,East,3,387.26,0.07,Card,10
10398,2/2/2023,1226,Home,East,7,307.55,0.33,Card,10
10399,2/3/2023,1111,Clothing,North,4,75.43,0.28,Wallet,1
10400,2/4/2023,1509,Beauty,North,1,130.62,0.02,COD,11
10401,2/5/2023,1472,Clothing,East,4,295.58,0.35,COD,10
10402,2/6/2023,1098,Clothing,East,4,534.24,0.24,COD,11
10403,2/7/2023,1152,Electronics,South,6,346.34,0.06,Card,1
10404,2/8/2023,1860,Home,South,6,413.7,0.08,COD,4
10405,2/9/2023,1913,Home,North,7,213.33,0.24,Card,4
10406,2/10/2023,1895,Clothing,South,7,349.28,0.27,Card,9
10407,2/11/2023,1877,Electronics,North,3,276.72,0.08,COD,10
10408,2/12/2023,1337,Home,North,7,400.59,0.09,Card,1
10409,2/13/2023,1705,Electronics,West,3,44.59,0.11,Card,11
10410,2/14/2023,1821,Home,North,6,303.58,0.21,Wallet,4
10411,2/15/2023,1162,Beauty,South,6,188.16,0.06,COD,3
10412,2/16/2023,1719,Clothing,East,2,205.82,0.04,COD,9
10413,2/17/2023,1956,Electronics,East,2,577.14,0.24,Card,5
10414,2/18/2023,1680,Home,South,5,121.88,0.27,Card,9
10415,2/19/2023,1995,Home,East,6,197.08,0.18,COD,10
10416,2/20/2023,1160,Clothing,North,1,313.29,0.13,COD,6
10417,2/21/2023,1579,Beauty,East,2,519.87,0.15,COD,11
10418,2/22/2023,1800,Electronics,South,3,258.75,0.14,Wallet,9
10419,2/23/2023,1397,Clothing,East,4,450.16,0.34,Wallet,1
10420,2/24/2023,1276,Home,North,7,515.98,0.27,Card,4
10421,2/25/2023,1815,Beauty,North,7,196.36,0.07,Wallet,4
10422,2/26/2023,1915,Electronics,South,5,244.76,0.13,COD,10
10423,2/27/2023,1503,Home,South,2,223.59,0.19,COD,10
10424,2/28/2023,1895,Clothing,South,4,502.22,0.21,Card,6
10425,3/1/2023,1391,Clothing,West,4,40.94,0.16,COD,10
10426,3/2/2023,1134,Electronics,West,2,195.43,0.28,Wallet,1
10427,3/3/2023,1194,Beauty,North,1,412.45,0.27,COD,10
10428,3/4/2023,1400,Electronics,West,1,345.78,0.18,COD,5
10429,3/5/2023,1639,Electronics,West,5,270.23,0.3,Card,3
10430,3/6/2023,1032,Electronics,East,1,330.87,0.26,Card,1
10431,3/7/2023,1687,Beauty,West,5,130.59,0.27,Card,6
10432,3/8/2023,1459,Home,East,3,266.97,0.33,Card,3
10433,3/9/2023,1954,Home,South,2,308.5,0.09,COD,4
10434,3/10/2023,1882,Electronics,East,4,542.2,0.09,Card,9
10435,3/11/2023,1469,Clothing,East,5,167.59,0.31,COD,2
10436,3/12/2023,1374,Clothing,South,7,522.68,0.27,Card,1
10437,3/13/2023,1021,Home,South,1,391.88,0.32,Card,10
10438,3/14/2023,1749,Beauty,North,7,26.9,0.02,Card,6
10439,3/15/2023,1669,Electronics,North,5,438.91,0.22,Wallet,1
10440,3/16/2023,1037,Home,North,6,35.8,0.05,Card,1
10441,3/17/2023,1229,Electronics,North,5,598.47,0.18,Card,7
10442,3/18/2023,1364,Clothing,East,1,525.49,0.05,Wallet,2
10443,3/19/2023,1562,Electronics,East,6,188.95,0.04,Wallet,4
10444,3/20/2023,1437,Electronics,North,6,165.59,0,COD,4
10445,3/21/2023,1775,Clothing,West,1,238.14,0.22,Card,2
10446,3/22/2023,1282,Clothing,North,6,223.36,0.13,Card,6
10447,3/23/2023,1026,Electronics,West,2,232.82,0.04,Wallet,10
10448,3/24/2023,1225,Home,South,4,201.19,0.11,Wallet,2
10449,3/25/2023,1276,Clothing,East,7,378.36,0.06,COD,8
10450,3/26/2023,1797,Electronics,East,2,111.09,0.33,Card,4
10451,3/27/2023,1608,Home,West,2,509.9,0.11,Card,1
10452,3/28/2023,1283,Electronics,North,1,490.26,0.12,Card,7
10453,3/29/2023,1878,Clothing,East,1,293.74,0.29,COD,6
10454,3/30/2023,1959,Home,West,7,513.85,0.23,Card,6
10455,3/31/2023,1480,Electronics,South,4,159.58,0.25,Wallet,11
10456,4/1/2023,1452,Electronics,South,5,25.28,0.22,Card,3
10457,4/2/2023,1828,Clothing,East,2,377.24,0.33,COD,10
10458,4/3/2023,1815,Beauty,North,6,282.88,0.07,Card,7
10459,4/4/2023,1658,Clothing,West,4,346.79,0.35,COD,6
10460,4/5/2023,1515,Home,East,2,541.11,0.29,Card,10
10461,4/6/2023,1546,Clothing,South,5,582.41,0.21,COD,10
10462,4/7/2023,1191,Electronics,North,6,386.16,0.23,COD,9
10463,4/8/2023,1048,Clothing,West,2,461.97,0.23,Card,3
10464,4/9/2023,1511,Home,East,3,64.03,0.02,Wallet,3
10465,4/10/2023,1016,Electronics,West,7,109.02,0.08,COD,4
10466,4/11/2023,1171,Electronics,North,4,443.92,0.34,Wallet,3
10467,4/12/2023,1219,Electronics,North,7,267.35,0.19,Wallet,4
10468,4/13/2023,1157,Clothing,South,1,275.89,0.13,Wallet,6
10469,4/14/2023,1476,Beauty,North,2,195.54,0.27,Card,1
10470,4/15/2023,1045,Electronics,East,6,370.3,0.18,Card,2
10471,4/16/2023,1372,Clothing,West,6,123.32,0,Wallet,10
10472,4/17/2023,1517,Electronics,North,4,381.75,0.26,COD,6
10473,4/18/2023,1098,Beauty,North,4,116.67,0.26,Card,6
10474,4/19/2023,1891,Electronics,East,7,52.34,0.06,COD,1
10475,4/20/2023,1744,Clothing,West,6,208.26,0.33,Card,6
10476,4/21/2023,1036,Home,West,6,150.22,0.08,COD,11
10477,4/22/2023,1279,Home,South,6,535.06,0.16,Wallet,9
10478,4/23/2023,1348,Clothing,South,2,47.15,0.04,COD,8
10479,4/24/2023,1496,Electronics,West,6,118.32,0.21,Card,10
10480,4/25/2023,1301,Clothing,East,1,336,0.13,Card,5
10481,4/26/2023,1180,Electronics,East,6,296.42,0.12,Card,4
10482,4/27/2023,1606,Electronics,South,1,41.82,0.29,COD,6
10483,4/28/2023,1098,Clothing,North,2,19.24,0,Card,11
10484,4/29/2023,1699,Electronics,East,4,593.02,0.28,COD,5
10485,4/30/2023,1992,Electronics,North,1,400.42,0.2,COD,6
10486,5/1/2023,1115,Home,East,2,228.76,0.35,COD,10
10487,5/2/2023,1190,Beauty,West,6,290.2,0.21,Wallet,11
10488,5/3/2023,1252,Clothing,South,2,170.93,0.02,COD,3
10489,5/4/2023,1980,Electronics,North,6,216.75,0.02,Card,7
10490,5/5/2023,1927,Electronics,North,7,394.69,0.31,COD,8
10491,5/6/2023,1982,Beauty,West,2,531.44,0.29,COD,5
10492,5/7/2023,1160,Electronics,East,4,122.72,0.12,Card,5
10493,5/8/2023,1255,Electronics,North,1,506.61,0.22,COD,4
10494,5/9/2023,1322,Clothing,East,7,86.11,0.17,Card,10
10495,5/10/2023,1127,Clothing,West,4,140.77,0.34,Card,5
10496,5/11/2023,1017,Clothing,South,3,36.75,0.33,Wallet,10
10497,5/12/2023,1792,Electronics,North,6,97.37,0.34,Wallet,11
10498,5/13/2023,1734,Electronics,East,1,551.62,0.3,COD,8
10499,5/14/2023,1565,Beauty,North,4,283.77,0.32,COD,5
10500,5/15/2023,1569,Electronics,East,1,60.43,0.08,Wallet,9
10501,5/16/2023,1322,Home,East,3,576.44,0.29,Wallet,1
10502,5/17/2023,1871,Home,East,5,529.21,0.25,COD,7
10503,5/18/2023,1685,Clothing,West,6,456.49,0.34,COD,5
10504,5/19/2023,1791,Electronics,South,6,561.08,0.2,Card,4
10505,5/20/2023,1625,Electronics,North,2,143.78,0.03,Card,3
10506,5/21/2023,1287,Clothing,South,6,504.28,0.21,Card,10
10507,5/22/2023,1942,Beauty,East,6,418.64,0.24,COD,7
10508,5/23/2023,1853,Beauty,East,4,523.81,0.08,Wallet,2
10509,5/24/2023,1662,Electronics,South,7,481.19,0.14,Wallet,5
10510,5/25/2023,1961,Electronics,South,6,217.7,0.21,Card,2
10511,5/26/2023,1638,Beauty,North,6,468.02,0.13,COD,7
10512,5/27/2023,1154,Home,East,3,168.54,0.13,Card,6
10513,5/28/2023,1489,Beauty,South,7,207.23,0.05,Card,10
10514,5/29/2023,1385,Electronics,West,3,78.12,0.33,Wallet,7
10515,5/30/2023,1985,Clothing,East,1,562.02,0.26,COD,9
10516,5/31/2023,1784,Home,East,1,185.24,0,COD,2
10517,6/1/2023,1103,Home,North,6,319.56,0.27,Card,9
10518,6/2/2023,1928,Clothing,West,6,243.93,0.26,Card,7
10519,6/3/2023,1392,Electronics,North,2,576.56,0,COD,2
10520,6/4/2023,1810,Clothing,West,1,211,0.13,Card,10
10521,6/5/2023,1245,Electronics,North,4,470.45,0.21,Card,2
10522,6/6/2023,1175,Clothing,West,6,515.42,0.16,Card,4
10523,6/7/2023,1038,Beauty,West,4,269.83,0.27,COD,2
10524,6/8/2023,1476,Clothing,West,6,236.23,0.15,Wallet,1
10525,6/9/2023,1681,Home,South,4,452.43,0.05,Wallet,6
10526,6/10/2023,1758,Electronics,East,5,549.04,0.34,Wallet,10
10527,6/11/2023,1537,Home,West,4,456.64,0.08,Wallet,11
10528,6/12/2023,1866,Beauty,South,7,147.87,0.25,Wallet,5
10529,6/13/2023,1817,Electronics,South,1,534.66,0.05,COD,3
10530,6/14/2023,1920,Electronics,North,6,241.74,0.12,COD,11
10531,6/15/2023,1407,Clothing,East,1,352.09,0.15,Card,1
10532,6/16/2023,1524,Electronics,East,7,501.39,0.07,Wallet,9
10533,6/17/2023,1827,Home,North,7,125.21,0.16,Card,8
10534,6/18/2023,1505,Beauty,East,4,473.94,0.06,Card,6
10535,6/19/2023,1902,Clothing,North,3,363.76,0.2,Wallet,6
10536,6/20/2023,1824,Electronics,South,3,537.6,0.23,Card,4
10537,6/21/2023,1035,Clothing,South,7,115.6,0.02,Wallet,2
10538,6/22/2023,1684,Home,West,3,261.1,0.3,COD,4
10539,6/23/2023,1019,Electronics,North,6,502.21,0.06,Card,2
10540,6/24/2023,1320,Clothing,South,2,26.25,0.08,COD,7
10541,6/25/2023,1775,Clothing,South,5,80.64,0.23,Wallet,9
10542,6/26/2023,1511,Clothing,North,4,594.48,0.16,Card,2
10543,6/27/2023,1399,Electronics,South,2,179.03,0.17,COD,9
10544,6/28/2023,1653,Home,East,3,585.69,0.04,Wallet,9
10545,6/29/2023,1971,Electronics,South,4,121.78,0.28,Card,8
10546,6/30/2023,1882,Electronics,North,2,226.24,0.22,Card,1
10547,7/1/2023,1470,Beauty,East,1,455.43,0.05,Card,5
10548,7/2/2023,1142,Home,East,3,399.8,0.13,Card,10
10549,7/3/2023,1091,Electronics,South,2,354.96,0.28,Card,11
10550,7/4/2023,1353,Electronics,West,6,324.99,0.2,COD,4
10551,7/5/2023,1833,Electronics,East,1,508.41,0.04,Card,7
10552,7/6/2023,1799,Electronics,North,3,152.44,0.13,Wallet,11
10553,7/7/2023,1726,Electronics,West,5,273.85,0.08,Card,8
10554,7/8/2023,1958,Electronics,West,7,105.94,0.18,COD,10
10555,7/9/2023,1853,Clothing,East,3,363.63,0.3,COD,11
10556,7/10/2023,1050,Home,South,6,161.57,0.15,Wallet,8
10557,7/11/2023,1664,Clothing,West,5,210.3,0.15,COD,2
10558,7/12/2023,1697,Home,South,5,290.68,0.32,Card,3
10559,7/13/2023,1574,Electronics,East,5,30.66,0.2,Wallet,10
10560,7/14/2023,1189,Beauty,North,4,68.78,0.2,Card,10
10561,7/15/2023,1124,Home,West,4,416.27,0.09,Card,7
10562,7/16/2023,1149,Home,North,7,265.95,0.21,Card,4
10563,7/17/2023,1313,Home,South,5,520.9,0.2,COD,6
10564,7/18/2023,1569,Beauty,South,7,421.38,0.14,Card,8
10565,7/19/2023,1341,Clothing,North,1,19.74,0.35,COD,8
10566,7/20/2023,1304,Electronics,East,5,375.78,0.31,COD,7
10567,7/21/2023,1691,Clothing,East,2,69.83,0.26,Wallet,2
10568,7/22/2023,1681,Home,West,5,471.85,0.19,Card,2
10569,7/23/2023,1837,Home,West,4,595.03,0.16,Card,3
10570,7/24/2023,1782,Clothing,East,4,325.75,0.06,Card,4
10571,7/25/2023,1053,Electronics,East,2,414.43,0.11,Card,1
10572,7/26/2023,1443,Clothing,North,2,153.83,0.27,COD,5
10573,7/27/2023,1612,Beauty,South,3,270.99,0.16,COD,7
10574,7/28/2023,1992,Clothing,South,1,515.82,0.31,COD,10
10575,7/29/2023,1263,Clothing,West,1,112.94,0.05,Wallet,11
10576,7/30/2023,1052,Electronics,East,1,170.34,0.18,Wallet,5
10577,7/31/2023,1571,Clothing,North,6,275.58,0.23,Card,7
10578,8/1/2023,1619,Beauty,West,4,431.67,0.18,Wallet,5
10579,8/2/2023,1004,Home,North,1,234.89,0.31,Card,11
10580,8/3/2023,1102,Home,East,3,557.72,0.35,COD,10
10581,8/4/2023,1195,Clothing,East,3,70.26,0.04,COD,8
10582,8/5/2023,1773,Clothing,East,1,231.92,0.05,Wallet,7
10583,8/6/2023,1876,Electronics,South,2,429.74,0.05,COD,1
10584,8/7/2023,1991,Home,East,3,147.2,0.24,COD,11
10585,8/8/2023,1883,Clothing,West,7,399,0.13,Wallet,1
10586,8/9/2023,1349,Clothing,South,2,111.07,0.26,COD,5
10587,8/10/2023,1046,Clothing,North,7,47.75,0.14,COD,2
10588,8/11/2023,1866,Beauty,West,4,85.79,0.22,Card,9
10589,8/12/2023,1822,Electronics,West,6,559.04,0.27,Card,2
10590,8/13/2023,1935,Home,North,3,337.77,0.19,Wallet,9
10591,8/14/2023,1819,Electronics,South,2,480.86,0.19,COD,10
10592,8/15/2023,1655,Clothing,West,7,209.6,0.03,COD,2
10593,8/16/2023,1268,Electronics,West,1,361.71,0.14,Card,4
10594,8/17/2023,1369,Electronics,West,7,304.55,0.19,Card,3
10595,8/18/2023,1635,Clothing,South,7,568.26,0.16,Card,6
10596,8/19/2023,1105,Electronics,South,4,452.33,0.32,COD,4
10597,8/20/2023,1669,Clothing,South,5,442.37,0.32,Card,9
10598,8/21/2023,1658,Beauty,West,5,42.12,0.29,Card,9
10599,8/22/2023,1656,Electronics,East,1,336.56,0.13,COD,10
10600,8/23/2023,1119,Home,North,4,288.19,0.25,COD,9
10601,8/24/2023,1830,Clothing,East,4,557.79,0.14,Card,3
10602,8/25/2023,1786,Home,South,4,165.55,0.08,COD,3
10603,8/26/2023,1603,Electronics,West,4,172.85,0.12,Wallet,4
10604,8/27/2023,1057,Electronics,West,5,255.64,0.02,COD,9
10605,8/28/2023,1950,Electronics,East,2,157.37,0.12,Wallet,6
10606,8/29/2023,1345,Electronics,East,4,90.57,0.16,Wallet,9
10607,8/30/2023,1740,Electronics,North,2,516.59,0.33,Card,8
10608,8/31/2023,1473,Home,West,7,341.59,0.11,Card,7
10609,9/1/2023,1116,Beauty,East,7,518.9,0.32,COD,5
10610,9/2/2023,1829,Home,North,4,501.21,0.08,COD,9
10611,9/3/2023,1790,Home,South,3,179.99,0.07,Card,4
10612,9/4/2023,1126,Electronics,East,6,335.43,0.18,Card,4
10613,9/5/2023,1392,Electronics,South,3,63.68,0.24,COD,8
10614,9/6/2023,1907,Electronics,North,7,550.42,0.02,Card,4
10615,9/7/2023,1640,Electronics,South,6,251.49,0.08,Wallet,7
10616,9/8/2023,1057,Clothing,West,3,245.3,0.16,Card,4
10617,9/9/2023,1633,Clothing,West,4,192.11,0.12,Wallet,11
10618,9/10/2023,1512,Clothing,South,2,284.49,0.25,Card,1
10619,9/11/2023,1750,Clothing,West,6,162.28,0.18,Card,10
10620,9/12/2023,1801,Home,North,5,234.29,0.06,Card,9
10621,9/13/2023,1095,Home,West,1,482.97,0.31,Wallet,4
10622,9/14/2023,1637,Electronics,South,6,503.04,0.1,Card,3
10623,9/15/2023,1117,Beauty,South,6,192.95,0.26,COD,3
10624,9/16/2023,1559,Beauty,South,5,289.37,0.27,Wallet,9
10625,9/17/2023,1600,Electronics,East,4,526.18,0.34,COD,8
10626,9/18/2023,1487,Clothing,South,3,45.81,0.17,Card,10
10627,9/19/2023,1236,Clothing,North,3,535.15,0.22,Wallet,7
10628,9/20/2023,1884,Beauty,West,7,143.22,0.12,Wallet,7
10629,9/21/2023,1896,Beauty,West,2,411.95,0.24,Card,4
10630,9/22/2023,1271,Electronics,East,4,355.79,0.16,COD,3
10631,9/23/2023,1188,Clothing,East,5,338.47,0.15,Wallet,4
10632,9/24/2023,1998,Clothing,North,4,517.73,0.3,Wallet,6
10633,9/25/2023,1703,Clothing,South,4,74.42,0.02,Card,4
10634,9/26/2023,1446,Electronics,East,3,218.01,0.31,Wallet,4
10635,9/27/2023,1580,Beauty,West,5,329.88,0.3,Card,2
10636,9/28/2023,1789,Home,East,1,489.6,0.18,Card,7
10637,9/29/2023,1860,Home,East,6,141.62,0.17,Card,6
10638,9/30/2023,1246,Beauty,South,3,484.71,0.13,Card,2
10639,10/1/2023,1962,Home,East,5,248.79,0.35,COD,5
10640,10/2/2023,1075,Clothing,North,2,125.51,0.04,COD,6
10641,10/3/2023,1153,Clothing,West,6,459.01,0.21,Card,5
10642,10/4/2023,1655,Electronics,South,6,68.18,0.24,Card,4
10643,10/5/2023,1434,Home,West,3,316.14,0.33,Card,11
10644,10/6/2023,1996,Electronics,North,7,52.37,0.27,Wallet,11
10645,10/7/2023,1085,Home,North,2,223.5,0.23,Wallet,9
10646,10/8/2023,1696,Electronics,East,3,366.63,0.04,Card,3
10647,10/9/2023,1284,Electronics,East,4,340.33,0.13,Wallet,11
10648,10/10/2023,1973,Electronics,East,7,251.72,0.05,Card,2
10649,10/11/2023,1219,Electronics,West,5,265.99,0.31,COD,9
10650,10/12/2023,1068,Home,North,2,147.66,0.26,Wallet,8
10651,10/13/2023,1046,Home,South,6,281.69,0.27,Card,9
10652,10/14/2023,1093,Clothing,East,3,572.65,0.23,COD,10
10653,10/15/2023,1749,Electronics,West,6,512.51,0.18,Card,11
10654,10/16/2023,1957,Electronics,East,2,99.96,0.05,Card,3
10655,10/17/2023,1452,Electronics,North,6,32.42,0.12,COD,1
10656,10/18/2023,1203,Electronics,South,3,561.11,0.05,Wallet,11
10657,10/19/2023,1911,Beauty,North,7,323.15,0.25,COD,1
10658,10/20/2023,1217,Electronics,West,3,329.64,0.06,Wallet,3
10659,10/21/2023,1473,Clothing,East,1,471.72,0.25,Wallet,4
10660,10/22/2023,1431,Electronics,North,6,199.09,0.24,Card,2
10661,10/23/2023,1340,Electronics,West,1,296.92,0.16,Card,8
10662,10/24/2023,1550,Clothing,East,7,581.67,0.05,COD,3
10663,10/25/2023,1611,Clothing,South,1,408.21,0.11,COD,4
10664,10/26/2023,1288,Electronics,North,6,104.94,0.11,Card,6
10665,10/27/2023,1253,Electronics,East,2,92.94,0.25,Wallet,10
10666,10/28/2023,1733,Clothing,East,4,134.49,0.04,COD,6
10667,10/29/2023,1356,Electronics,East,7,463.53,0.29,Card,2
10668,10/30/2023,1022,Electronics,East,3,187.8,0.27,COD,6
10669,10/31/2023,1761,Beauty,North,5,27.51,0.07,Card,4
10670,11/1/2023,1521,Clothing,East,7,567.34,0.25,COD,5
10671,11/2/2023,1757,Clothing,West,1,114.28,0.23,Wallet,7
10672,11/3/2023,1836,Clothing,North,2,20.59,0.26,Wallet,7
10673,11/4/2023,1099,Clothing,East,6,153.72,0.07,Card,6
10674,11/5/2023,1801,Clothing,North,2,152.49,0.06,COD,10
10675,11/6/2023,1179,Home,West,2,261.87,0.08,COD,6
10676,11/7/2023,1222,Home,West,6,553.43,0.13,Card,6
10677,11/8/2023,1905,Electronics,North,5,529.32,0.28,Card,4
10678,11/9/2023,1761,Clothing,East,6,282.28,0.26,COD,3
10679,11/10/2023,1658,Clothing,East,5,255.38,0.32,COD,1
10680,11/11/2023,1441,Beauty,West,6,339.68,0.02,Card,3
10681,11/12/2023,1607,Clothing,East,1,157.42,0,Card,3
10682,11/13/2023,1768,Clothing,West,5,45.53,0.24,Card,9
10683,11/14/2023,1324,Electronics,East,1,564.45,0.1,Card,3
10684,11/15/2023,1515,Clothing,West,7,124.22,0.12,COD,8
10685,11/16/2023,1015,Electronics,South,5,131.06,0.19,Card,8
10686,11/17/2023,1791,Electronics,East,5,291.39,0.04,Card,3
10687,11/18/2023,1335,Electronics,East,6,302.59,0.22,Wallet,10
10688,11/19/2023,1758,Home,East,5,25.78,0.11,Card,10
10689,11/20/2023,1257,Electronics,North,1,101.55,0.22,COD,6
10690,11/21/2023,1496,Clothing,East,7,236.22,0.29,Wallet,8
10691,11/22/2023,1987,Beauty,North,6,414.98,0.06,COD,8
10692,11/23/2023,1895,Electronics,North,3,148.62,0.33,COD,10
10693,11/24/2023,1159,Clothing,West,7,262.46,0.19,Card,10
10694,11/25/2023,1474,Clothing,North,7,341.05,0.32,Card,9
10695,11/26/2023,1851,Electronics,North,1,534.83,0.07,COD,9
10696,11/27/2023,1663,Home,South,7,205.75,0.21,COD,8
10697,11/28/2023,1907,Electronics,East,3,93.13,0.14,Card,7
10698,11/29/2023,1689,Clothing,North,2,301.22,0.27,COD,10
10699,11/30/2023,1674,Clothing,East,6,451.83,0.21,Wallet,3
10700,12/1/2023,1379,Clothing,North,2,79.27,0.17,Card,7
10701,12/2/2023,1544,Home,West,6,263.44,0.32,COD,4
10702,12/3/2023,1928,Electronics,South,7,25.4,0.13,COD,2
10703,12/4/2023,1956,Electronics,North,6,34.63,0.08,Wallet,8
10704,12/5/2023,1690,Home,East,1,297.53,0.21,Wallet,2
10705,12/6/2023,1426,Clothing,West,3,189.45,0.22,COD,1
10706,12/7/2023,1612,Home,East,6,509.39,0.15,Card,5
10707,12/8/2023,1267,Home,West,3,367.26,0.17,Card,10
10708,12/9/2023,1834,Home,South,6,280.55,0.34,Card,9
10709,12/10/2023,1576,Clothing,West,3,253.64,0.26,COD,5
10710,12/11/2023,1416,Electronics,East,2,305.89,0.04,COD,11
10711,12/12/2023,1167,Home,East,1,38.66,0.07,Wallet,2
10712,12/13/2023,1841,Clothing,North,6,537.28,0.34,COD,10
10713,12/14/2023,1042,Electronics,West,4,599.01,0.25,COD,4
10714,12/15/2023,1555,Beauty,East,3,121.17,0.32,COD,8
10715,12/16/2023,1284,Beauty,North,3,85.42,0.11,Card,7
10716,12/17/2023,1396,Clothing,South,4,98.99,0.26,COD,5
10717,12/18/2023,1011,Electronics,East,1,401.7,0.25,COD,4
10718,12/19/2023,1606,Clothing,North,3,401.94,0.1,Wallet,5
10719,12/20/2023,1301,Home,East,1,511.04,0.19,Card,7
10720,12/21/2023,1897,Beauty,West,3,454.82,0.22,Wallet,5
10721,12/22/2023,1252,Electronics,North,7,278.07,0.17,COD,8
10722,12/23/2023,1498,Electronics,West,5,373.52,0.29,Card,7
10723,12/24/2023,1753,Beauty,South,7,417.65,0.29,Card,7
10724,12/25/2023,1034,Clothing,West,3,314.95,0.3,Card,9
10725,12/26/2023,1726,Clothing,North,5,293.26,0.28,COD,8
10726,12/27/2023,1848,Beauty,East,6,392.38,0.17,Card,8
10727,12/28/2023,1089,Electronics,North,1,341.12,0.13,Card,6
10728,12/29/2023,1775,Clothing,West,3,391.71,0.29,Wallet,7
10729,12/30/2023,1604,Electronics,West,2,373.52,0.17,COD,8
10730,12/31/2023,1921,Clothing,East,2,435.73,0.09,COD,5
10731,1/1/2024,1969,Home,South,4,391.04,0.18,Card,10
10732,1/2/2024,1601,Clothing,North,2,319.05,0.05,COD,2
10733,1/3/2024,1417,Beauty,East,5,413.85,0.24,Card,7
10734,1/4/2024,1114,Clothing,East,2,277.95,0.12,Wallet,10
10735,1/5/2024,1616,Electronics,East,2,156.38,0.09,Card,3
10736,1/6/2024,1902,Electronics,North,2,15.83,0.33,COD,10
10737,1/7/2024,1195,Clothing,North,3,342.58,0.27,COD,11
10738,1/8/2024,1825,Clothing,North,4,360.53,0.28,COD,8
10739,1/9/2024,1500,Electronics,South,1,583.65,0.22,Wallet,6
10740,1/10/2024,1625,Clothing,East,4,226.46,0.29,Card,11
10741,1/11/2024,1492,Clothing,West,5,245.57,0.27,Card,4
10742,1/12/2024,1074,Home,West,3,133.05,0.21,COD,2
10743,1/13/2024,1412,Home,East,6,56.26,0.34,COD,7
10744,1/14/2024,1375,Home,West,3,467.09,0.07,Card,1
10745,1/15/2024,1419,Electronics,South,7,161.06,0.33,Card,7
10746,1/16/2024,1728,Electronics,South,2,371.21,0.14,COD,10
10747,1/17/2024,1276,Home,North,2,417.35,0.18,Wallet,10
10748,1/18/2024,1760,Clothing,North,5,290.67,0.04,COD,7
10749,1/19/2024,1675,Electronics,North,6,527.67,0.19,Wallet,10
10750,1/20/2024,1393,Home,North,7,274.62,0.21,COD,3
10751,1/21/2024,1868,Home,North,3,181.67,0.35,Card,4
10752,1/22/2024,1456,Clothing,West,6,539.17,0.34,Card,4
10753,1/23/2024,1919,Electronics,West,1,519.02,0.34,COD,4
10754,1/24/2024,1191,Home,North,4,110.96,0.12,COD,9
10755,1/25/2024,1738,Clothing,South,3,30.19,0.35,COD,6
10756,1/26/2024,1688,Home,West,6,67.64,0.16,COD,10
10757,1/27/2024,1098,Home,South,1,182.63,0.3,Wallet,9
10758,1/28/2024,1547,Home,South,1,583.77,0.08,COD,4
10759,1/29/2024,1977,Clothing,East,7,341.73,0.18,Card,7
10760,1/30/2024,1998,Electronics,East,7,233.36,0.34,Card,10
10761,1/31/2024,1095,Home,North,4,534.9,0.33,COD,9
10762,2/1/2024,1663,Clothing,South,1,280.08,0.24,Wallet,10
10763,2/2/2024,1662,Home,West,5,199.41,0.28,Card,3
10764,2/3/2024,1189,Electronics,East,1,565.61,0.06,Wallet,3
10765,2/4/2024,1735,Electronics,East,6,511.97,0.25,Wallet,6
10766,2/5/2024,1036,Beauty,South,7,508.55,0.22,COD,8
10767,2/6/2024,1779,Home,East,5,314.69,0.03,Card,1
10768,2/7/2024,1368,Beauty,East,7,476.82,0.04,Card,4
10769,2/8/2024,1694,Home,West,7,119.92,0.04,Card,8
10770,2/9/2024,1524,Clothing,South,7,350.34,0.25,Card,6
10771,2/10/2024,1278,Home,East,1,590.55,0.05,COD,2
10772,2/11/2024,1216,Beauty,South,2,185.21,0.16,Card,8
10773,2/12/2024,1866,Clothing,East,1,479.7,0.12,COD,1
10774,2/13/2024,1872,Clothing,West,7,301.93,0.19,Card,1
10775,2/14/2024,1797,Electronics,South,5,38.29,0.25,Card,7
10776,2/15/2024,1272,Clothing,East,1,461.37,0.24,COD,10
10777,2/16/2024,1880,Home,West,7,113.61,0.18,Wallet,3
10778,2/17/2024,1061,Electronics,East,7,384.41,0.16,COD,8
10779,2/18/2024,1595,Electronics,South,1,65.11,0.14,COD,9
10780,2/19/2024,1879,Electronics,East,1,568.92,0.3,COD,8
10781,2/20/2024,1728,Electronics,South,5,185.66,0.12,COD,1
10782,2/21/2024,1341,Electronics,South,1,147.48,0.09,Wallet,1
10783,2/22/2024,1396,Clothing,East,4,90.54,0.26,Card,6
10784,2/23/2024,1698,Beauty,West,6,568.41,0.13,Wallet,1
10785,2/24/2024,1018,Clothing,North,4,431.46,0.3,Card,8
10786,2/25/2024,1176,Electronics,West,5,448.87,0.11,Wallet,6
10787,2/26/2024,1611,Electronics,West,2,307.15,0.25,Card,5
10788,2/27/2024,1395,Home,East,4,292.72,0.02,Wallet,6
10789,2/28/2024,1444,Clothing,West,7,79.36,0.13,Wallet,4
10790,2/29/2024,1232,Home,West,6,342.51,0.12,Card,1
10791,3/1/2024,1914,Home,North,3,159.45,0.29,Wallet,7
10792,3/2/2024,1075,Home,West,6,586.63,0.34,Card,10
10793,3/3/2024,1264,Electronics,North,4,481,0.16,Card,9
10794,3/4/2024,1454,Home,East,3,256.6,0.29,Card,4
10795,3/5/2024,1795,Electronics,North,5,103.53,0.24,Wallet,4
10796,3/6/2024,1717,Beauty,South,6,474.42,0.34,COD,9
10797,3/7/2024,1734,Clothing,South,2,86.4,0.28,COD,4
10798,3/8/2024,1383,Electronics,North,3,125.76,0.03,COD,10
10799,3/9/2024,1563,Electronics,South,3,138.74,0.25,Wallet,4
10800,3/10/2024,1850,Electronics,East,6,340.78,0.19,COD,8
10801,3/11/2024,1505,Home,South,4,475.43,0.01,Card,11
10802,3/12/2024,1366,Electronics,North,3,198.87,0.09,Card,4
10803,3/13/2024,1143,Clothing,East,5,64.53,0.32,Card,9
10804,3/14/2024,1884,Electronics,South,6,286.76,0.32,COD,11
10805,3/15/2024,1068,Home,East,5,452.64,0.28,Card,8
10806,3/16/2024,1098,Home,North,6,144.67,0.34,Card,5
10807,3/17/2024,1395,Home,South,5,143.66,0.28,Wallet,9
10808,3/18/2024,1024,Home,East,4,569.13,0,Card,8
10809,3/19/2024,1947,Electronics,East,6,573.18,0.1,COD,10
10810,3/20/2024,1890,Electronics,South,7,594.42,0.01,Card,4
10811,3/21/2024,1468,Home,East,2,487.48,0.03,Card,4
10812,3/22/2024,1483,Clothing,East,4,125.09,0.08,Card,1
10813,3/23/2024,1564,Clothing,North,5,139.01,0.18,Card,4
10814,3/24/2024,1150,Electronics,North,6,214.03,0.3,Wallet,8
10815,3/25/2024,1143,Electronics,North,4,201.11,0.3,Card,5
10816,3/26/2024,1568,Electronics,North,5,574.57,0.22,Card,6
10817,3/27/2024,1038,Beauty,North,1,476.61,0.32,COD,4
10818,3/28/2024,1108,Electronics,North,1,438.55,0.18,COD,5
10819,3/29/2024,1692,Clothing,South,3,123.79,0.31,COD,10
10820,3/30/2024,1041,Electronics,North,2,547.07,0.16,Wallet,8
10821,3/31/2024,1185,Home,East,1,499.3,0.1,COD,9
10822,4/1/2024,1934,Electronics,South,7,110.73,0.32,Card,3
10823,4/2/2024,1397,Beauty,East,5,524.63,0.14,Wallet,10
10824,4/3/2024,1222,Beauty,North,4,174.26,0.18,COD,4
10825,4/4/2024,1633,Electronics,North,6,62.31,0.12,Card,1
10826,4/5/2024,1132,Beauty,East,4,399.24,0.23,Card,11
10827,4/6/2024,1162,Beauty,East,3,397.48,0.35,Card,5
10828,4/7/2024,1214,Home,East,4,70.54,0.01,Card,4
10829,4/8/2024,1732,Home,West,1,201.53,0.31,Card,6
10830,4/9/2024,1234,Electronics,West,4,595.8,0,Card,6
10831,4/10/2024,1842,Clothing,West,1,411.88,0.13,Wallet,10
10832,4/11/2024,1657,Electronics,West,1,442.09,0.06,Wallet,6
10833,4/12/2024,1750,Electronics,South,2,139.56,0.27,COD,3
10834,4/13/2024,1587,Beauty,North,3,61.09,0.02,Wallet,7
10835,4/14/2024,1008,Electronics,East,7,176.99,0.19,Card,3
10836,4/15/2024,1073,Home,North,7,160.61,0.1,Wallet,6
10837,4/16/2024,1953,Home,East,5,152.21,0.05,COD,10
10838,4/17/2024,1491,Beauty,North,7,127.76,0.27,Card,1
10839,4/18/2024,1912,Beauty,South,1,351.23,0.08,Card,8
10840,4/19/2024,1252,Electronics,West,6,206.94,0.08,Card,7
10841,4/20/2024,1229,Electronics,North,3,494.9,0.1,Card,9
10842,4/21/2024,1518,Clothing,East,5,122.61,0.21,Card,3
10843,4/22/2024,1173,Electronics,North,7,286.81,0.23,Card,8
10844,4/23/2024,1652,Electronics,South,7,22.99,0.01,Card,2
10845,4/24/2024,1167,Clothing,South,6,296.78,0.08,Card,9
10846,4/25/2024,1169,Home,North,4,47.67,0.15,Wallet,1
10847,4/26/2024,1392,Clothing,West,3,586.97,0.12,Card,10
10848,4/27/2024,1945,Electronics,East,6,477.5,0.31,Card,7
10849,4/28/2024,1794,Home,South,7,301.72,0.28,COD,10
10850,4/29/2024,1633,Electronics,South,3,65.65,0.22,Wallet,1
10851,4/30/2024,1193,Electronics,North,3,361.58,0.12,Card,6
10852,5/1/2024,1516,Home,South,7,458.88,0.25,Wallet,1
10853,5/2/2024,1028,Clothing,South,4,126.57,0.3,Card,4
10854,5/3/2024,1164,Home,East,4,347.4,0.21,Card,7
10855,5/4/2024,1421,Electronics,West,7,491.31,0.27,Card,2
10856,5/5/2024,1338,Home,East,3,464.42,0.26,COD,3
10857,5/6/2024,1647,Clothing,West,6,484.75,0.2,Card,4
10858,5/7/2024,1495,Clothing,East,2,529.4,0.11,COD,6
10859,5/8/2024,1364,Clothing,North,1,563.54,0.26,Card,9
10860,5/9/2024,1832,Beauty,South,4,252.23,0.07,COD,4
10861,5/10/2024,1341,Clothing,West,7,347.73,0.27,Card,6
10862,5/11/2024,1499,Clothing,North,2,477.54,0.28,COD,7
10863,5/12/2024,1656,Beauty,South,4,422.83,0.29,COD,4
10864,5/13/2024,1510,Home,South,3,597.38,0.17,COD,6
10865,5/14/2024,1326,Clothing,South,7,23,0.07,Card,3
10866,5/15/2024,1216,Home,East,2,222.75,0.03,Wallet,5
10867,5/16/2024,1300,Clothing,North,7,179.4,0.26,COD,11
10868,5/17/2024,1131,Electronics,North,6,168.45,0.31,Card,10
10869,5/18/2024,1803,Clothing,South,6,145.18,0.23,Wallet,4
10870,5/19/2024,1069,Beauty,West,5,429.84,0.05,COD,7
10871,5/20/2024,1251,Beauty,North,1,64.58,0.33,COD,6
10872,5/21/2024,1414,Electronics,East,1,448.84,0.35,Card,7
10873,5/22/2024,1786,Clothing,West,4,420.65,0.15,COD,6
10874,5/23/2024,1444,Electronics,West,1,161.72,0.21,Card,2
10875,5/24/2024,1875,Beauty,West,7,162.91,0.27,Card,7
10876,5/25/2024,1181,Beauty,West,7,382.88,0.26,Card,8
10877,5/26/2024,1166,Clothing,North,5,460.87,0.34,COD,7
10878,5/27/2024,1090,Home,South,6,527.74,0.04,Card,4
10879,5/28/2024,1713,Home,West,2,513.5,0.2,Wallet,4
10880,5/29/2024,1857,Clothing,East,2,579.46,0.24,Card,5
10881,5/30/2024,1530,Electronics,East,6,355.11,0.31,Card,9
10882,5/31/2024,1038,Clothing,South,3,546.56,0.31,COD,5
10883,6/1/2024,1125,Home,North,6,487.98,0.34,COD,2
10884,6/2/2024,1450,Home,South,2,538.38,0.18,Card,5
10885,6/3/2024,1172,Clothing,West,4,21.8,0.29,Card,3
10886,6/4/2024,1652,Beauty,North,5,580.05,0.15,Card,10
10887,6/5/2024,1753,Electronics,North,6,292.02,0.15,COD,8
10888,6/6/2024,1219,Clothing,West,3,481.94,0.09,Card,10
10889,6/7/2024,1637,Home,East,4,89.41,0.29,COD,10
10890,6/8/2024,1057,Home,West,6,246.63,0.35,COD,2
10891,6/9/2024,1659,Clothing,South,4,173.8,0.09,Card,11
10892,6/10/2024,1475,Electronics,West,6,185.62,0.02,Card,4
10893,6/11/2024,1455,Electronics,East,4,87.1,0.29,Card,5
10894,6/12/2024,1828,Clothing,West,7,486.37,0.22,Card,4
10895,6/13/2024,1894,Clothing,South,1,20.41,0.34,COD,5
10896,6/14/2024,1360,Electronics,South,4,197.82,0.09,COD,10
10897,6/15/2024,1934,Home,East,7,117.03,0.02,COD,11
10898,6/16/2024,1000,Clothing,South,1,359.59,0.17,Card,4
10899,6/17/2024,1386,Home,South,2,163.74,0.03,Wallet,3
10900,6/18/2024,1972,Home,West,1,166.51,0.09,Card,1
10901,6/19/2024,1347,Electronics,North,4,300.68,0.04,Card,4
10902,6/20/2024,1189,Electronics,South,5,396.82,0.08,COD,9
10903,6/21/2024,1504,Home,South,5,85.96,0.04,Wallet,1
10904,6/22/2024,1190,Clothing,East,2,117.67,0.33,Card,7
10905,6/23/2024,1507,Home,East,4,159.6,0.1,COD,3
10906,6/24/2024,1368,Home,West,1,584.64,0.16,Wallet,8
10907,6/25/2024,1408,Home,West,5,247.33,0.31,COD,6
10908,6/26/2024,1823,Beauty,South,6,365.41,0.24,Card,1
10909,6/27/2024,1928,Clothing,North,3,156.3,0.22,Wallet,10
10910,6/28/2024,1933,Clothing,North,4,301.92,0.25,COD,5
10911,6/29/2024,1116,Clothing,West,7,58.36,0.29,COD,8
10912,6/30/2024,1133,Electronics,East,7,35.32,0.31,COD,11
10913,7/1/2024,1057,Clothing,South,6,289.21,0.22,Wallet,3
10914,7/2/2024,1555,Electronics,South,6,248.22,0.31,Card,4
10915,7/3/2024,1684,Beauty,North,4,95.07,0.19,Card,7
10916,7/4/2024,1671,Clothing,West,3,417.25,0.1,COD,11
10917,7/5/2024,1172,Clothing,North,5,595.85,0.31,Card,6
10918,7/6/2024,1828,Clothing,North,3,246.45,0.19,Card,7
10919,7/7/2024,1814,Electronics,West,2,380.37,0.32,COD,9
10920,7/8/2024,1148,Electronics,East,1,578.34,0.01,Card,9
10921,7/9/2024,1079,Clothing,South,1,501.45,0.14,COD,2
10922,7/10/2024,1885,Electronics,East,6,286.18,0.33,Wallet,3
10923,7/11/2024,1212,Clothing,West,5,446.43,0.09,Card,4
10924,7/12/2024,1202,Beauty,West,3,89.96,0.33,Wallet,6
10925,7/13/2024,1763,Beauty,South,6,314.58,0.33,Card,5
10926,7/14/2024,1228,Home,East,4,178.25,0.31,Wallet,6
10927,7/15/2024,1675,Electronics,South,6,109.28,0.2,Wallet,11
10928,7/16/2024,1226,Beauty,North,4,264.37,0.23,Card,8
10929,7/17/2024,1658,Beauty,North,4,91.64,0.3,Card,2
10930,7/18/2024,1531,Electronics,North,2,423.91,0.27,Card,6
10931,7/19/2024,1440,Home,East,2,281.9,0.22,Wallet,9
10932,7/20/2024,1401,Electronics,North,4,325.72,0.34,Wallet,5
10933,7/21/2024,1046,Home,South,5,100.63,0.24,Card,1
10934,7/22/2024,1232,Beauty,East,2,96.77,0.34,COD,8
10935,7/23/2024,1304,Electronics,South,2,356.3,0.02,Card,4
10936,7/24/2024,1525,Beauty,West,1,591.23,0.05,COD,8
10937,7/25/2024,1142,Clothing,East,6,71.31,0.16,Wallet,4
10938,7/26/2024,1414,Beauty,South,1,182.15,0.13,Card,11
10939,7/27/2024,1512,Clothing,South,5,523.63,0.27,Wallet,8
10940,7/28/2024,1372,Home,East,2,57.28,0.06,Wallet,9
10941,7/29/2024,1565,Electronics,West,7,527.39,0.34,Wallet,5
10942,7/30/2024,1885,Electronics,East,2,321.71,0.11,Card,5
10943,7/31/2024,1258,Electronics,North,3,253.84,0.15,Card,2
10944,8/1/2024,1655,Beauty,North,5,196.16,0.1,Card,9
10945,8/2/2024,1470,Home,West,7,188.81,0.2,COD,11
10946,8/3/2024,1952,Beauty,South,6,193.89,0.02,COD,4
10947,8/4/2024,1970,Beauty,South,6,532.61,0.05,Card,3
10948,8/5/2024,1011,Electronics,South,7,438.42,0.26,COD,2
10949,8/6/2024,1329,Clothing,East,6,406.79,0.07,Card,3
10950,8/7/2024,1735,Electronics,East,7,482.27,0.08,Card,4
10951,8/8/2024,1783,Electronics,West,5,165.41,0.28,Card,9
10952,8/9/2024,1967,Electronics,North,7,376.56,0.03,Card,6
10953,8/10/2024,1357,Clothing,South,7,284.14,0.15,Card,10
10954,8/11/2024,1971,Electronics,North,3,472.73,0.01,Card,5
10955,8/12/2024,1407,Electronics,East,3,195.91,0.12,Wallet,9
10956,8/13/2024,1667,Electronics,East,1,391.26,0.24,COD,8
10957,8/14/2024,1372,Electronics,East,5,531.09,0.03,Card,6
10958,8/15/2024,1007,Beauty,North,5,250.26,0.31,COD,3
10959,8/16/2024,1121,Home,West,3,53.97,0.32,COD,7
10960,8/17/2024,1347,Beauty,West,4,316.89,0.04,Card,10
10961,8/18/2024,1675,Clothing,East,4,217.39,0.35,COD,6
10962,8/19/2024,1089,Electronics,South,1,408.25,0.1,COD,11
10963,8/20/2024,1647,Home,North,4,571.35,0.03,COD,8
10964,8/21/2024,1697,Electronics,East,4,299.08,0,COD,6
10965,8/22/2024,1315,Electronics,North,4,287.72,0.14,COD,11
10966,8/23/2024,1177,Electronics,North,2,397.93,0.22,Card,10
10967,8/24/2024,1539,Electronics,West,1,75.55,0.12,Wallet,4
10968,8/25/2024,1731,Electronics,East,3,163.3,0.29,Card,10
10969,8/26/2024,1868,Clothing,West,4,552.6,0.25,Wallet,7
10970,8/27/2024,1040,Home,East,6,406.92,0.12,Card,7
10971,8/28/2024,1739,Electronics,North,7,22.86,0.26,Card,11
10972,8/29/2024,1703,Electronics,West,2,134.71,0.33,COD,8
10973,8/30/2024,1922,Home,North,4,414.46,0.03,Card,2
10974,8/31/2024,1501,Electronics,East,7,462.17,0.11,Wallet,11
10975,9/1/2024,1958,Electronics,South,7,506.32,0.16,Card,6
10976,9/2/2024,1144,Beauty,West,2,185.92,0.17,COD,3
10977,9/3/2024,1200,Electronics,West,1,559.65,0.19,Card,8
10978,9/4/2024,1928,Electronics,North,6,338.47,0.11,Card,4
10979,9/5/2024,1723,Clothing,North,6,422.48,0.23,Card,4
10980,9/6/2024,1460,Electronics,South,6,364.09,0.23,COD,2
10981,9/7/2024,1731,Clothing,West,4,86.8,0.2,COD,6
10982,9/8/2024,1751,Home,East,2,578.42,0.04,COD,6
10983,9/9/2024,1924,Electronics,East,6,86.88,0.17,Wallet,1
10984,9/10/2024,1908,Clothing,West,7,164.11,0.12,COD,8
10985,9/11/2024,1557,Clothing,West,7,490.97,0.17,Wallet,3
10986,9/12/2024,1546,Electronics,West,5,376.88,0.32,Card,1
10987,9/13/2024,1252,Clothing,South,5,505.32,0.17,Card,10
10988,9/14/2024,1389,Electronics,East,2,316.71,0,Card,1
10989,9/15/2024,1593,Clothing,East,4,235.54,0.15,Card,1
10990,9/16/2024,1882,Electronics,North,4,554.28,0.29,COD,5
10991,9/17/2024,1255,Clothing,North,1,36.21,0.27,COD,5
10992,9/18/2024,1708,Electronics,West,1,515.84,0.18,COD,1
10993,9/19/2024,1814,Home,North,6,150.03,0.09,COD,5
10994,9/20/2024,1920,Electronics,South,3,511.51,0.16,Wallet,7
10995,9/21/2024,1449,Clothing,East,7,96.43,0.2,Wallet,5
10996,9/22/2024,1009,Clothing,East,1,354.43,0.35,Card,9
10997,9/23/2024,1823,Home,North,4,534.54,0.23,Card,4
10998,9/24/2024,1797,Clothing,West,7,292.02,0.24,Card,9
10999,9/25/2024,1241,Home,North,3,451.74,0.17,Card,8
11000,9/26/2024,1250,Home,West,1,485.73,0.12,COD,1
11001,9/27/2024,1876,Beauty,South,2,445.85,0.28,COD,4
11002,9/28/2024,1004,Electronics,East,5,556.32,0.17,Card,7
11003,9/29/2024,1118,Clothing,South,1,276.4,0.35,COD,1
11004,9/30/2024,1800,Home,East,1,116.28,0.16,COD,8
11005,10/1/2024,1373,Beauty,South,2,42.97,0.02,Card,11
11006,10/2/2024,1064,Beauty,North,4,159.18,0.24,Card,2
11007,10/3/2024,1145,Clothing,South,6,98.77,0.02,Wallet,8
11008,10/4/2024,1223,Electronics,South,2,341.4,0.09,COD,11
11009,10/5/2024,1238,Clothing,North,6,123.19,0.12,Card,4
11010,10/6/2024,1176,Home,East,1,37.78,0.26,Card,8
11011,10/7/2024,1778,Clothing,East,4,36.05,0.17,Card,1
11012,10/8/2024,1852,Clothing,North,3,501.47,0.01,Card,5
11013,10/9/2024,1281,Home,South,1,361,0.22,Wallet,9
11014,10/10/2024,1062,Clothing,South,2,224.48,0.14,Card,7
11015,10/11/2024,1216,Beauty,South,3,538.12,0.32,Card,3
11016,10/12/2024,1853,Clothing,West,5,56.07,0.17,Card,4
11017,10/13/2024,1826,Electronics,East,3,588.49,0.25,COD,10
11018,10/14/2024,1794,Clothing,South,2,375.53,0.08,Card,7
11019,10/15/2024,1688,Home,East,7,122.33,0.27,Card,6
11020,10/16/2024,1460,Electronics,South,3,412.26,0.25,COD,4
11021,10/17/2024,1928,Electronics,North,2,461.58,0.32,Card,3
11022,10/18/2024,1609,Beauty,North,7,266.17,0.01,Card,11
11023,10/19/2024,1104,Electronics,East,1,519.06,0.16,Card,2
11024,10/20/2024,1098,Clothing,East,7,103.18,0.24,COD,10
11025,10/21/2024,1510,Clothing,North,4,178.12,0.03,Wallet,9
11026,10/22/2024,1384,Clothing,West,5,69.69,0.14,Card,3
11027,10/23/2024,1404,Clothing,North,7,138.36,0.33,Card,7
11028,10/24/2024,1822,Electronics,South,4,154.66,0.15,Card,1
11029,10/25/2024,1517,Clothing,West,4,551.82,0.34,COD,8
11030,10/26/2024,1475,Clothing,North,4,60.69,0.02,COD,1
11031,10/27/2024,1976,Home,West,7,265.04,0.25,COD,2
11032,10/28/2024,1708,Electronics,West,2,326.45,0.2,COD,1
11033,10/29/2024,1862,Clothing,West,2,540.74,0.18,Wallet,4
11034,10/30/2024,1644,Electronics,East,5,598.65,0.34,Wallet,2
11035,10/31/2024,1869,Electronics,North,2,455.73,0.05,COD,1
11036,11/1/2024,1770,Electronics,East,6,582.91,0.31,COD,1
11037,11/2/2024,1436,Electronics,East,2,475.45,0.24,Card,2
11038,11/3/2024,1022,Home,South,2,578.47,0.09,COD,6
11039,11/4/2024,1996,Electronics,South,2,428.75,0.32,COD,2
11040,11/5/2024,1564,Beauty,West,1,61.66,0.15,COD,11
11041,11/6/2024,1676,Beauty,West,5,250.12,0.28,Card,2
11042,11/7/2024,1713,Clothing,South,6,393.26,0.14,COD,8
11043,11/8/2024,1457,Electronics,South,2,220.17,0.3,COD,5
11044,11/9/2024,1082,Clothing,North,5,174.93,0.22,COD,8
11045,11/10/2024,1144,Home,West,3,352.78,0.05,Card,8
11046,11/11/2024,1084,Clothing,West,1,561.1,0.23,Card,2
11047,11/12/2024,1077,Electronics,South,7,35.46,0.07,Card,7
11048,11/13/2024,1456,Clothing,North,2,465,0.14,Wallet,9
11049,11/14/2024,1877,Home,South,6,437.8,0.06,COD,8
11050,11/15/2024,1000,Home,South,1,578.91,0.01,Card,9
11051,11/16/2024,1050,Electronics,East,6,559.47,0.07,Card,8
11052,11/17/2024,1684,Home,West,7,460.91,0.19,COD,4
11053,11/18/2024,1716,Electronics,North,7,319.44,0.17,Card,10
11054,11/19/2024,1771,Electronics,East,1,134.5,0.18,Wallet,7
11055,11/20/2024,1445,Beauty,West,3,333.96,0.09,COD,9
11056,11/21/2024,1448,Electronics,South,5,462.73,0.24,Card,9
11057,11/22/2024,1880,Electronics,North,1,538.97,0.25,COD,4
11058,11/23/2024,1487,Electronics,West,4,476.98,0.13,Card,7
11059,11/24/2024,1799,Beauty,South,7,129.23,0.31,Wallet,6
11060,11/25/2024,1033,Home,East,3,365.82,0.23,Card,3
11061,11/26/2024,1347,Clothing,North,7,209.32,0.25,Wallet,10
11062,11/27/2024,1094,Home,West,4,20.39,0.1,COD,6
11063,11/28/2024,1071,Electronics,East,3,132.13,0,Wallet,8
11064,11/29/2024,1550,Clothing,South,7,81.23,0.3,Card,2
11065,11/30/2024,1153,Clothing,South,4,507.99,0.29,Card,3
11066,12/1/2024,1249,Electronics,West,4,166.23,0.04,COD,8
11067,12/2/2024,1673,Clothing,South,7,181.55,0.13,COD,4
11068,12/3/2024,1437,Beauty,North,7,576.56,0.23,Card,4
11069,12/4/2024,1117,Electronics,West,6,236.77,0.23,Card,2
11070,12/5/2024,1770,Electronics,East,1,20.61,0.3,Card,11
11071,12/6/2024,1890,Electronics,West,1,181.05,0.05,COD,10
11072,12/7/2024,1305,Electronics,West,3,84.79,0.15,Card,1
11073,12/8/2024,1267,Beauty,East,5,75.14,0.03,Card,7
11074,12/9/2024,1960,Clothing,South,7,60.33,0.14,Card,4
11075,12/10/2024,1053,Clothing,East,6,362.06,0.01,Card,6
11076,12/11/2024,1235,Home,North,1,125.77,0.31,Card,8
11077,12/12/2024,1388,Electronics,South,1,226.33,0.18,Wallet,11
11078,12/13/2024,1989,Clothing,West,6,519.28,0.3,Card,7
11079,12/14/2024,1733,Clothing,South,2,263.24,0.02,Wallet,7
11080,12/15/2024,1762,Clothing,South,6,550.68,0.08,Card,6
11081,12/16/2024,1824,Beauty,North,1,306.29,0.09,Card,11
11082,12/17/2024,1400,Home,South,5,248.32,0.14,Card,4
11083,12/18/2024,1623,Clothing,South,2,453.98,0.28,COD,4
11084,12/19/2024,1766,Home,South,4,57.81,0.14,COD,9
11085,12/20/2024,1302,Electronics,West,6,67.34,0.07,COD,11
11086,12/21/2024,1918,Electronics,South,4,396.4,0.02,Card,5
11087,12/22/2024,1206,Electronics,East,2,299.86,0.03,Wallet,9
11088,12/23/2024,1228,Electronics,South,2,477.39,0.27,Wallet,11
11089,12/24/2024,1852,Clothing,North,2,551.02,0.16,Card,9
11090,12/25/2024,1909,Clothing,South,3,242.19,0.25,COD,4
11091,12/26/2024,1577,Beauty,South,6,363.9,0.24,COD,2
11092,12/27/2024,1074,Clothing,West,7,307.91,0.05,Card,2
11093,12/28/2024,1434,Clothing,East,5,589.24,0.05,Card,9
11094,12/29/2024,1102,Electronics,South,5,501.18,0.26,COD,9
11095,12/30/2024,1421,Electronics,East,4,548.37,0.25,Wallet,3
11096,12/31/2024,1703,Clothing,North,4,163.79,0.13,Card,5
11097,1/1/2025,1763,Clothing,West,7,466.93,0.03,COD,5
11098,1/2/2025,1737,Home,East,4,170.3,0,Wallet,2
11099,1/3/2025,1805,Electronics,West,6,137.11,0.1,Card,2
11100,1/4/2025,1305,Electronics,South,1,567.4,0,Card,10
11101,1/5/2025,1097,Clothing,North,4,26.29,0.08,COD,1
11102,1/6/2025,1849,Electronics,West,2,579.75,0.15,Card,2
11103,1/7/2025,1797,Electronics,South,4,102.32,0.04,Card,11
11104,1/8/2025,1334,Home,East,2,494.37,0.04,Card,7
11105,1/9/2025,1858,Electronics,North,3,176.41,0.31,Card,1
11106,1/10/2025,1434,Clothing,North,1,220.16,0.2,Wallet,1
11107,1/11/2025,1446,Electronics,East,1,141.8,0.33,COD,9
11108,1/12/2025,1993,Electronics,East,7,357.53,0.12,Card,2
11109,1/13/2025,1307,Clothing,North,6,218.64,0.24,COD,11
11110,1/14/2025,1248,Home,West,6,399.57,0.07,Wallet,4
11111,1/15/2025,1165,Clothing,North,5,24.15,0.22,Card,11
11112,1/16/2025,1480,Home,East,3,52.66,0.05,Card,3
11113,1/17/2025,1983,Electronics,West,7,73.3,0,Wallet,11
11114,1/18/2025,1334,Home,South,6,260.11,0.33,Wallet,4
11115,1/19/2025,1541,Electronics,North,2,491.66,0.19,Card,11
11116,1/20/2025,1758,Home,East,3,534.58,0.32,Card,11
11117,1/21/2025,1105,Clothing,South,1,158.21,0.12,Card,7
11118,1/22/2025,1562,Beauty,North,2,351.01,0.11,Card,10
11119,1/23/2025,1080,Clothing,North,7,464.49,0.14,COD,2
11120,1/24/2025,1132,Electronics,West,7,183.97,0.25,Card,2
11121,1/25/2025,1796,Electronics,East,3,254.27,0.2,Card,9
11122,1/26/2025,1899,Home,South,1,321.52,0.32,COD,6
11123,1/27/2025,1137,Clothing,North,6,93.9,0.01,Wallet,11
11124,1/28/2025,1183,Home,West,2,30.2,0.25,Card,7
11125,1/29/2025,1400,Electronics,South,2,104.39,0.12,Card,5
11126,1/30/2025,1329,Electronics,South,1,381.71,0.06,Wallet,5
11127,1/31/2025,1784,Electronics,North,2,58.07,0.18,COD,4
11128,2/1/2025,1507,Beauty,South,6,125.97,0.18,Card,8
11129,2/2/2025,1851,Home,North,6,212.64,0.05,Card,7
11130,2/3/2025,1983,Beauty,West,6,60.55,0.07,Card,10
11131,2/4/2025,1068,Electronics,West,1,127.14,0.14,COD,2
11132,2/5/2025,1545,Clothing,South,4,548.09,0.14,Card,2
11133,2/6/2025,1773,Home,North,4,26.29,0.11,Card,6
11134,2/7/2025,1052,Electronics,East,7,397.26,0.05,Card,11
11135,2/8/2025,1449,Home,West,7,239.88,0,Card,1
11136,2/9/2025,1204,Beauty,North,2,408.5,0.34,COD,7
11137,2/10/2025,1125,Beauty,North,6,359.38,0.33,Card,8
11138,2/11/2025,1746,Home,North,2,145.75,0.17,Card,10
11139,2/12/2025,1042,Electronics,South,1,510.62,0.35,Wallet,8
11140,2/13/2025,1751,Electronics,East,2,302.79,0.24,COD,3
11141,2/14/2025,1970,Beauty,South,5,496.18,0.02,Card,7
11142,2/15/2025,1882,Electronics,West,4,252.52,0.04,COD,1
11143,2/16/2025,1110,Home,South,2,591.04,0.32,Card,11
11144,2/17/2025,1760,Home,North,2,465.74,0.22,COD,3
11145,2/18/2025,1662,Clothing,South,3,580.08,0.3,COD,6
11146,2/19/2025,1182,Beauty,North,2,315.88,0.31,COD,9
11147,2/20/2025,1847,Electronics,East,5,292.11,0.16,COD,5
11148,2/21/2025,1094,Electronics,South,4,456.94,0.02,Card,5
11149,2/22/2025,1970,Electronics,South,3,529.97,0.07,COD,9
11150,2/23/2025,1373,Clothing,South,1,579.03,0.02,Card,9
11151,2/24/2025,1911,Electronics,North,7,204.86,0.07,Card,6
11152,2/25/2025,1519,Electronics,North,1,482.24,0.14,Wallet,5
11153,2/26/2025,1899,Home,South,4,138.23,0.04,COD,10
11154,2/27/2025,1359,Beauty,South,7,334.16,0.06,Wallet,2
11155,2/28/2025,1899,Electronics,East,1,120.21,0.16,Card,11
11156,3/1/2025,1695,Clothing,East,5,218.23,0.12,COD,8
11157,3/2/2025,1280,Beauty,West,2,559.84,0.16,Card,8
11158,3/3/2025,1194,Electronics,East,4,100.46,0.15,COD,7
11159,3/4/2025,1863,Electronics,East,7,384.95,0.23,Card,8
11160,3/5/2025,1194,Electronics,East,3,361.88,0.33,Card,3
11161,3/6/2025,1666,Clothing,North,2,85.63,0.04,Card,3
11162,3/7/2025,1092,Electronics,East,1,205.7,0.03,COD,2
11163,3/8/2025,1671,Beauty,East,1,344.34,0.3,Card,1
11164,3/9/2025,1945,Clothing,South,3,124.5,0.18,Wallet,3
11165,3/10/2025,1060,Clothing,North,5,483.36,0.27,Card,3
11166,3/11/2025,1633,Electronics,West,3,583.71,0.08,Card,7
11167,3/12/2025,1050,Clothing,West,4,140.63,0.29,Card,10
11168,3/13/2025,1402,Home,East,3,124.34,0.32,Wallet,9
11169,3/14/2025,1788,Home,West,1,281.14,0.22,Card,1
11170,3/15/2025,1004,Home,West,5,452.44,0.04,Card,8
11171,3/16/2025,1465,Clothing,West,5,179.74,0.31,COD,1
11172,3/17/2025,1603,Beauty,East,6,26.63,0.28,Card,3
11173,3/18/2025,1681,Home,West,3,331.61,0.26,COD,4
11174,3/19/2025,1828,Home,East,4,574.61,0.01,Card,11
11175,3/20/2025,1533,Electronics,South,1,243.9,0.28,COD,8
11176,3/21/2025,1404,Electronics,South,2,260.78,0.05,Card,1
11177,3/22/2025,1837,Electronics,West,5,581.81,0.08,COD,2
11178,3/23/2025,1512,Home,South,3,421.35,0.2,COD,11
11179,3/24/2025,1644,Clothing,East,6,435.72,0.09,COD,5
11180,3/25/2025,1232,Clothing,South,4,344.18,0.23,COD,6
11181,3/26/2025,1523,Beauty,West,4,585.15,0.21,Wallet,5
11182,3/27/2025,1345,Beauty,East,7,417.99,0.04,Card,3
11183,3/28/2025,1045,Beauty,North,1,538.59,0.23,Card,10
11184,3/29/2025,1545,Electronics,East,5,424.14,0.32,COD,7
11185,3/30/2025,1944,Home,South,1,445.04,0.06,COD,1
11186,3/31/2025,1077,Electronics,North,6,184.89,0.21,Card,2
11187,4/1/2025,1729,Electronics,East,2,192.54,0.12,COD,11
11188,4/2/2025,1812,Electronics,North,2,473.05,0.16,Card,9
11189,4/3/2025,1922,Electronics,North,2,188.57,0.1,COD,4
11190,4/4/2025,1072,Clothing,North,4,344.22,0.12,Wallet,8
11191,4/5/2025,1793,Home,East,5,160.87,0.01,COD,9
11192,4/6/2025,1248,Electronics,South,1,492.94,0.34,Card,7
11193,4/7/2025,1046,Home,East,1,79.64,0.22,COD,1
11194,4/8/2025,1120,Clothing,South,6,500.23,0.18,COD,5
11195,4/9/2025,1213,Electronics,East,2,367.6,0.13,Card,6
11196,4/10/2025,1238,Clothing,East,5,124.34,0.19,COD,11
11197,4/11/2025,1055,Electronics,East,5,332.09,0.13,Wallet,8
11198,4/12/2025,1349,Clothing,South,6,180.26,0.13,Card,10
11199,4/13/2025,1106,Clothing,East,3,204.23,0.16,Card,8
11200,4/14/2025,1830,Electronics,North,5,220.64,0.1,Card,9
11201,4/15/2025,1047,Electronics,East,5,52.04,0.06,COD,9
11202,4/16/2025,1572,Clothing,North,1,591.79,0.19,Wallet,4
11203,4/17/2025,1336,Beauty,West,6,33.45,0.29,COD,6
11204,4/18/2025,1025,Electronics,West,5,402.56,0.05,Card,3
11205,4/19/2025,1803,Home,South,5,232.17,0.01,COD,1
11206,4/20/2025,1256,Home,South,1,392.92,0.09,COD,6
11207,4/21/2025,1007,Beauty,West,5,223.41,0.34,COD,1
11208,4/22/2025,1624,Home,East,1,409.14,0.29,Card,9
11209,4/23/2025,1866,Clothing,East,3,441.6,0.21,COD,11
11210,4/24/2025,1252,Home,East,4,418.97,0.33,Card,6
11211,4/25/2025,1691,Beauty,West,7,81.67,0.16,Card,1
11212,4/26/2025,1718,Clothing,North,1,399.28,0.34,COD,11
11213,4/27/2025,1302,Electronics,South,1,178.79,0.1,Wallet,3
11214,4/28/2025,1638,Electronics,North,5,31.85,0.08,Card,1
11215,4/29/2025,1055,Home,West,1,257.68,0.22,Wallet,2
11216,4/30/2025,1725,Home,North,6,268.62,0.13,Card,6
11217,5/1/2025,1525,Electronics,East,2,288.3,0.22,COD,7
11218,5/2/2025,1473,Clothing,East,2,427.32,0.11,Card,1
11219,5/3/2025,1027,Clothing,North,3,195.67,0.22,Card,10
11220,5/4/2025,1982,Electronics,West,1,199.44,0.1,COD,5
11221,5/5/2025,1077,Beauty,North,6,50.42,0.02,COD,6
11222,5/6/2025,1215,Electronics,East,5,416.79,0.32,COD,4
11223,5/7/2025,1385,Electronics,East,5,347.18,0.31,COD,6
11224,5/8/2025,1364,Clothing,West,7,219.41,0.34,COD,5
11225,5/9/2025,1665,Home,North,4,427.54,0.25,Wallet,11
11226,5/10/2025,1525,Electronics,East,3,329.35,0.24,COD,7
11227,5/11/2025,1698,Home,East,6,289.51,0.2,Card,4
11228,5/12/2025,1311,Clothing,North,6,314.12,0.04,Card,1
11229,5/13/2025,1882,Electronics,North,7,387.26,0.07,Card,2
11230,5/14/2025,1006,Electronics,South,7,401.1,0.1,COD,6
11231,5/15/2025,1002,Clothing,West,5,184.04,0.31,Card,10
11232,5/16/2025,1622,Electronics,West,4,97.33,0.06,Card,11
11233,5/17/2025,1918,Beauty,North,5,106.63,0.32,Card,2
11234,5/18/2025,1749,Home,West,4,389.04,0.18,COD,5
11235,5/19/2025,1362,Beauty,East,2,525.63,0.25,Card,4
11236,5/20/2025,1750,Electronics,North,6,254.56,0.04,Card,7
11237,5/21/2025,1507,Beauty,North,7,114.17,0.09,COD,4
11238,5/22/2025,1273,Clothing,North,2,457.61,0.34,COD,7
11239,5/23/2025,1505,Electronics,South,5,502.01,0.09,Card,11
11240,5/24/2025,1805,Electronics,West,3,530.14,0.1,COD,8
11241,5/25/2025,1738,Electronics,South,1,370,0.07,Card,7
11242,5/26/2025,1882,Home,East,3,518.53,0.05,Wallet,2
11243,5/27/2025,1014,Clothing,West,3,24.02,0.08,Card,11
11244,5/28/2025,1191,Electronics,South,1,77.73,0.22,Wallet,1
11245,5/29/2025,1984,Clothing,North,6,69.16,0.16,Wallet,5
11246,5/30/2025,1630,Electronics,South,2,431.87,0.19,COD,7
11247,5/31/2025,1484,Clothing,North,2,55.71,0.04,Card,1
11248,6/1/2025,1027,Clothing,South,6,305.37,0.28,COD,11
11249,6/2/2025,1713,Home,South,1,291.53,0.27,Card,8
11250,6/3/2025,1038,Home,South,4,196.76,0.01,Wallet,3
11251,6/4/2025,1952,Clothing,North,3,524.19,0.13,COD,7
11252,6/5/2025,1272,Clothing,South,5,114.7,0.02,Wallet,3
11253,6/6/2025,1230,Clothing,West,2,221.19,0.28,COD,4
11254,6/7/2025,1085,Home,West,6,467.89,0.26,COD,8
11255,6/8/2025,1473,Electronics,West,5,32.8,0.32,COD,2
11256,6/9/2025,1125,Electronics,North,7,408.68,0.08,Card,6
11257,6/10/2025,1811,Electronics,North,1,492.59,0.16,COD,10
11258,6/11/2025,1536,Clothing,West,5,560.38,0.06,COD,9
11259,6/12/2025,1144,Clothing,West,5,527.63,0.13,Wallet,10
11260,6/13/2025,1524,Home,West,3,201.84,0.18,COD,9
11261,6/14/2025,1211,Electronics,East,1,358.02,0.02,Wallet,5
11262,6/15/2025,1024,Clothing,West,5,60.22,0.25,Wallet,3
11263,6/16/2025,1579,Home,South,2,165.85,0.19,COD,6
11264,6/17/2025,1393,Home,East,1,70.12,0.29,Card,9
11265,6/18/2025,1066,Clothing,East,2,199.38,0.1,COD,6
11266,6/19/2025,1232,Clothing,North,6,526.98,0.32,Card,4
11267,6/20/2025,1108,Electronics,South,6,218.09,0.35,Card,11
11268,6/21/2025,1145,Beauty,North,7,343.71,0.32,Card,5
11269,6/22/2025,1110,Electronics,North,4,268.53,0.27,Wallet,7
11270,6/23/2025,1227,Beauty,South,6,283.47,0.28,Card,10
11271,6/24/2025,1110,Home,North,5,582.2,0.2,COD,3
11272,6/25/2025,1469,Clothing,South,1,188.25,0.07,Wallet,9
11273,6/26/2025,1033,Electronics,South,6,381.98,0.24,COD,1
11274,6/27/2025,1622,Clothing,North,2,260.74,0.25,COD,8
11275,6/28/2025,1775,Clothing,West,5,50.77,0.34,COD,5
11276,6/29/2025,1935,Electronics,North,6,301.26,0.19,Card,10
11277,6/30/2025,1368,Home,East,3,490.81,0.09,Card,9
11278,7/1/2025,1747,Beauty,North,2,72.77,0.24,Wallet,2
11279,7/2/2025,1594,Clothing,South,7,55.71,0.34,Card,1
11280,7/3/2025,1553,Home,East,7,104.87,0.06,COD,10
11281,7/4/2025,1424,Electronics,South,7,462.17,0.11,COD,7
11282,7/5/2025,1612,Clothing,West,2,438.54,0.19,Card,10
11283,7/6/2025,1517,Electronics,West,7,345.54,0.06,Wallet,11
11284,7/7/2025,1691,Clothing,East,4,288.91,0.01,COD,9
11285,7/8/2025,1281,Beauty,West,3,534.67,0.12,Card,5
11286,7/9/2025,1319,Home,West,4,463.52,0.3,Wallet,11
11287,7/10/2025,1737,Electronics,North,6,489.99,0.02,COD,4
11288,7/11/2025,1442,Clothing,North,3,490.76,0.15,COD,4
11289,7/12/2025,1951,Clothing,West,2,390.99,0.27,COD,8
11290,7/13/2025,1314,Clothing,West,4,282.94,0.33,Card,1
11291,7/14/2025,1876,Home,North,5,520.84,0.34,COD,1
11292,7/15/2025,1965,Home,West,3,556.71,0.15,Card,8
11293,7/16/2025,1740,Clothing,West,2,28.93,0.33,COD,2
11294,7/17/2025,1376,Clothing,South,1,45.16,0.01,COD,10
11295,7/18/2025,1288,Electronics,West,3,575.86,0.26,Wallet,6
11296,7/19/2025,1436,Electronics,East,3,177.14,0.22,COD,2
11297,7/20/2025,1661,Clothing,South,6,525.92,0.09,Card,5
11298,7/21/2025,1276,Clothing,East,5,242.45,0.18,Wallet,3
11299,7/22/2025,1709,Home,West,6,84.67,0.05,COD,7
11300,7/23/2025,1581,Home,North,7,62.06,0.31,COD,9
11301,7/24/2025,1502,Electronics,South,3,106.56,0.13,Card,2
11302,7/25/2025,1623,Clothing,North,3,161.19,0.22,Wallet,7
11303,7/26/2025,1515,Electronics,South,7,300.78,0.06,Wallet,8
11304,7/27/2025,1349,Electronics,North,5,425.38,0.07,COD,10
11305,7/28/2025,1842,Home,South,5,592.04,0.35,Wallet,8
11306,7/29/2025,1445,Electronics,South,4,273.28,0.26,Card,7
11307,7/30/2025,1829,Clothing,East,2,318.14,0.34,Wallet,4
11308,7/31/2025,1349,Electronics,North,2,320.26,0.1,COD,4
11309,8/1/2025,1606,Beauty,East,4,330.57,0.06,Card,10
11310,8/2/2025,1663,Clothing,East,2,317.88,0.18,COD,9
11311,8/3/2025,1822,Electronics,North,3,20.13,0.17,COD,10
11312,8/4/2025,1136,Clothing,South,4,16.01,0.06,Card,9
11313,8/5/2025,1758,Home,East,4,72.13,0.26,Card,5
11314,8/6/2025,1898,Beauty,North,2,74.41,0.13,Card,7
11315,8/7/2025,1242,Electronics,South,1,427.36,0.07,Card,7
11316,8/8/2025,1542,Beauty,East,2,134.88,0.12,Card,9
11317,8/9/2025,1039,Beauty,East,6,538.41,0.2,Card,7
11318,8/10/2025,1228,Beauty,East,1,558.23,0.25,Card,8
11319,8/11/2025,1547,Clothing,South,4,585.9,0.17,Wallet,7
11320,8/12/2025,1919,Clothing,East,1,564.36,0.18,COD,11
11321,8/13/2025,1222,Clothing,South,3,174.05,0.05,Card,4
11322,8/14/2025,1005,Home,West,5,313.22,0.32,Wallet,2
11323,8/15/2025,1321,Clothing,East,1,117.64,0.33,COD,3
11324,8/16/2025,1467,Home,West,6,486.63,0.24,COD,7
11325,8/17/2025,1731,Clothing,North,5,534.73,0.01,COD,11
11326,8/18/2025,1074,Home,East,3,513,0.19,Card,11
11327,8/19/2025,1003,Home,North,6,268.52,0.22,Card,9
11328,8/20/2025,1846,Electronics,North,7,458.82,0.35,Card,11
11329,8/21/2025,1645,Home,North,5,72.08,0.35,COD,2
11330,8/22/2025,1117,Clothing,West,7,38.54,0.3,COD,7
11331,8/23/2025,1880,Home,South,3,455.64,0.02,COD,4
11332,8/24/2025,1605,Clothing,West,5,263.83,0.33,Card,7
11333,8/25/2025,1503,Clothing,West,5,597.4,0.21,COD,5
11334,8/26/2025,1997,Beauty,North,2,71.89,0.28,COD,7
11335,8/27/2025,1946,Electronics,East,6,515.54,0.14,Wallet,6
11336,8/28/2025,1573,Home,South,6,295.79,0.11,Card,2
11337,8/29/2025,1440,Clothing,North,1,498.88,0.16,Wallet,7
11338,8/30/2025,1193,Clothing,South,7,493.02,0.05,Wallet,5
11339,8/31/2025,1846,Electronics,West,7,550.86,0.12,COD,9
11340,9/1/2025,1714,Clothing,South,6,189.24,0.3,COD,11
11341,9/2/2025,1391,Electronics,South,6,570.63,0.01,Card,1
11342,9/3/2025,1025,Electronics,East,5,103.73,0.05,Wallet,1
11343,9/4/2025,1434,Electronics,North,7,62.95,0.04,Card,2
11344,9/5/2025,1172,Electronics,South,4,267.5,0.14,COD,8
11345,9/6/2025,1299,Beauty,South,2,499.57,0.35,Card,11
11346,9/7/2025,1644,Beauty,West,1,291.95,0.06,Card,9
11347,9/8/2025,1325,Clothing,West,2,500.13,0.05,COD,11
11348,9/9/2025,1409,Home,South,1,441.87,0.32,Wallet,11
11349,9/10/2025,1117,Electronics,North,3,137.52,0.31,COD,7
11350,9/11/2025,1835,Home,South,5,570.1,0.01,Wallet,1
11351,9/12/2025,1786,Home,South,6,50.56,0.26,COD,7
11352,9/13/2025,1723,Beauty,East,6,540.49,0.23,Card,8
11353,9/14/2025,1224,Clothing,North,4,193.1,0.27,Card,7
11354,9/15/2025,1531,Home,East,7,307.59,0.17,COD,5
11355,9/16/2025,1112,Electronics,North,7,262.08,0.35,Card,7
11356,9/17/2025,1139,Beauty,North,2,115.52,0.02,COD,10
11357,9/18/2025,1558,Electronics,North,2,224.52,0.08,Card,11
11358,9/19/2025,1000,Clothing,East,2,127.87,0.14,Card,2
11359,9/20/2025,1089,Home,East,7,134.27,0.16,COD,9
11360,9/21/2025,1653,Home,East,6,124.43,0.32,COD,2
11361,9/22/2025,1319,Electronics,West,7,301.08,0.2,Card,2
11362,9/23/2025,1549,Beauty,East,2,481.79,0.02,Card,5
11363,9/24/2025,1804,Electronics,West,5,347.85,0.14,Card,8
11364,9/25/2025,1893,Clothing,West,1,537.53,0.15,Card,6
11365,9/26/2025,1138,Electronics,West,6,387.38,0.34,COD,9
11366,9/27/2025,1510,Electronics,South,5,418.26,0.21,COD,6
11367,9/28/2025,1867,Clothing,South,3,405.55,0.22,Card,5
11368,9/29/2025,1844,Clothing,South,5,277.93,0.25,Card,1
11369,9/30/2025,1258,Electronics,West,5,418.26,0.27,Card,8
11370,10/1/2025,1672,Electronics,West,3,55.78,0.22,Card,3
11371,10/2/2025,1901,Clothing,North,5,518.01,0.08,COD,2
11372,10/3/2025,1689,Home,West,1,470.02,0.31,Card,7
11373,10/4/2025,1009,Beauty,South,6,158.46,0.26,Card,11
11374,10/5/2025,1260,Electronics,West,4,464.3,0.26,COD,2
11375,10/6/2025,1918,Clothing,West,7,22.4,0.35,Card,1
11376,10/7/2025,1649,Electronics,North,3,142.09,0.28,COD,11
11377,10/8/2025,1171,Electronics,West,6,53.11,0.29,COD,2
11378,10/9/2025,1897,Home,East,2,471.43,0.33,Card,6
11379,10/10/2025,1012,Clothing,North,1,457.19,0.05,COD,2
11380,10/11/2025,1167,Electronics,West,4,490.98,0.17,COD,1
11381,10/12/2025,1641,Electronics,West,1,17.62,0.2,COD,1
11382,10/13/2025,1595,Electronics,North,1,308.22,0.12,COD,4
11383,10/14/2025,1320,Home,West,2,427.33,0.29,Wallet,8
11384,10/15/2025,1318,Beauty,South,4,105.91,0.27,Wallet,6
11385,10/16/2025,1612,Electronics,East,7,395.13,0.25,COD,4
11386,10/17/2025,1328,Electronics,East,1,64.2,0.35,Wallet,6
11387,10/18/2025,1784,Beauty,South,2,121.08,0.09,Card,6
11388,10/19/2025,1776,Beauty,West,3,293.34,0.26,COD,9
11389,10/20/2025,1970,Clothing,West,2,397.34,0.19,Card,4
11390,10/21/2025,1910,Electronics,East,5,100.33,0.11,Card,6
11391,10/22/2025,1919,Electronics,West,6,123.36,0.06,COD,10
11392,10/23/2025,1549,Clothing,East,2,134.6,0.31,COD,1
11393,10/24/2025,1418,Clothing,East,2,154.64,0.21,Card,7
11394,10/25/2025,1605,Electronics,South,2,147.53,0.29,COD,7
11395,10/26/2025,1094,Clothing,East,7,246.16,0.19,COD,11
11396,10/27/2025,1816,Electronics,West,1,397.47,0.08,Card,1
11397,10/28/2025,1580,Home,West,7,271.25,0.12,Card,8
11398,10/29/2025,1317,Electronics,North,4,468.94,0.13,Card,5
11399,10/30/2025,1955,Electronics,West,2,435.77,0.34,Card,9
11400,10/31/2025,1235,Clothing,North,2,89.02,0,COD,8
11401,11/1/2025,1945,Clothing,East,5,43.57,0.34,Card,3
11402,11/2/2025,1333,Beauty,West,5,528.6,0.34,Card,1
11403,11/3/2025,1884,Clothing,South,3,61.7,0.35,COD,3
11404,11/4/2025,1375,Electronics,South,3,101.78,0.17,COD,2
11405,11/5/2025,1458,Home,South,5,27.95,0.34,Card,2
11406,11/6/2025,1136,Electronics,East,4,382.58,0.14,Card,11
11407,11/7/2025,1929,Beauty,East,3,355.69,0.01,Card,4
11408,11/8/2025,1587,Clothing,North,6,592.34,0.08,COD,2
11409,11/9/2025,1994,Clothing,South,6,533.86,0.33,Wallet,8
11410,11/10/2025,1546,Electronics,North,4,255.34,0,COD,5
11411,11/11/2025,1512,Clothing,North,5,232.38,0.19,Card,1
11412,11/12/2025,1295,Home,West,3,188.66,0.03,COD,6
11413,11/13/2025,1319,Home,West,2,104.16,0.1,Card,7
11414,11/14/2025,1917,Electronics,South,5,95.78,0.03,Card,1
11415,11/15/2025,1571,Electronics,East,3,92.39,0.3,Card,3
11416,11/16/2025,1831,Home,West,4,81.76,0.21,COD,9
11417,11/17/2025,1348,Beauty,East,6,155.7,0.32,COD,7
11418,11/18/2025,1839,Electronics,North,4,194.4,0.24,COD,4
11419,11/19/2025,1778,Clothing,North,3,577.52,0.34,COD,6
11420,11/20/2025,1872,Electronics,North,4,353.41,0.18,Card,6
11421,11/21/2025,1228,Beauty,North,3,592.74,0.22,Card,3
11422,11/22/2025,1269,Electronics,South,3,232.89,0.2,COD,2
11423,11/23/2025,1827,Electronics,North,4,282.71,0.17,COD,5
11424,11/24/2025,1797,Home,West,1,204.88,0.3,COD,8
11425,11/25/2025,1290,Electronics,North,2,121.99,0.23,Card,3
11426,11/26/2025,1724,Clothing,East,5,98.75,0.28,COD,5
11427,11/27/2025,1164,Clothing,West,6,567.87,0.28,Card,3
11428,11/28/2025,1004,Electronics,East,2,592.28,0.07,COD,7
11429,11/29/2025,1850,Clothing,East,5,41.27,0.23,COD,6
11430,11/30/2025,1378,Clothing,South,5,102.95,0.07,Wallet,6
11431,12/1/2025,1077,Electronics,South,6,262.76,0.2,Card,1
11432,12/2/2025,1409,Clothing,East,2,124.01,0.24,COD,2
11433,12/3/2025,1573,Home,East,6,227.87,0.35,COD,6
11434,12/4/2025,1131,Home,North,3,90.52,0.01,Card,8
11435,12/5/2025,1600,Electronics,West,6,282.06,0.03,Card,5
11436,12/6/2025,1748,Electronics,North,4,173.94,0.03,COD,2
11437,12/7/2025,1041,Electronics,South,1,220.86,0.14,Card,5
11438,12/8/2025,1088,Clothing,South,1,70.17,0.29,Card,9
11439,12/9/2025,1401,Clothing,North,1,265.45,0.3,Wallet,6
11440,12/10/2025,1295,Home,West,2,590.21,0.26,COD,5
11441,12/11/2025,1839,Electronics,East,2,207.37,0.31,Card,10
11442,12/12/2025,1294,Electronics,North,3,527.71,0.11,COD,6
11443,12/13/2025,1615,Clothing,South,7,508.27,0.03,COD,11
11444,12/14/2025,1525,Home,West,1,571.95,0.02,Wallet,9
11445,12/15/2025,1799,Electronics,South,3,477.21,0.3,COD,7
11446,12/16/2025,1690,Clothing,West,7,400.86,0.26,Wallet,10
11447,12/17/2025,1636,Electronics,West,1,516.1,0.24,Card,3
11448,12/18/2025,1421,Beauty,West,2,59.25,0.12,COD,10
11449,12/19/2025,1864,Beauty,North,7,285.76,0.13,Card,10
11450,12/20/2025,1022,Electronics,North,4,593.71,0.34,Card,5
11451,12/21/2025,1574,Electronics,North,4,465.22,0.02,COD,4
11452,12/22/2025,1142,Clothing,West,4,577.81,0.27,Card,11
11453,12/23/2025,1992,Electronics,West,6,471.09,0.11,COD,5
11454,12/24/2025,1664,Home,South,4,526.81,0.01,Wallet,8
11455,12/25/2025,1144,Home,East,5,428.32,0.26,Card,11
11456,12/26/2025,1224,Home,North,1,459.89,0.12,Card,6
11457,12/27/2025,1502,Home,West,4,321.06,0.25,COD,4
11458,12/28/2025,1961,Clothing,South,7,555.68,0.25,Wallet,5
11459,12/29/2025,1973,Electronics,South,5,497.65,0.19,COD,11
11460,12/30/2025,1820,Home,South,5,508.67,0.27,COD,7
11461,12/31/2025,1615,Clothing,North,5,408.71,0.2,Card,8
11462,1/1/2026,1103,Home,North,3,193.18,0.1,Card,5
11463,1/2/2026,1946,Electronics,East,7,35.84,0.26,COD,2
11464,1/3/2026,1038,Electronics,South,3,562.36,0.21,Card,6
11465,1/4/2026,1946,Beauty,North,5,357.88,0,Wallet,9
11466,1/5/2026,1197,Electronics,South,6,189.41,0.32,COD,3
11467,1/6/2026,1645,Beauty,West,4,102.24,0.19,COD,7
11468,1/7/2026,1578,Beauty,South,1,500.27,0.3,COD,8
11469,1/8/2026,1390,Home,East,7,504.36,0.31,COD,6
11470,1/9/2026,1178,Home,North,6,491.49,0.16,COD,3
11471,1/10/2026,1967,Clothing,West,2,392.37,0.18,Wallet,1
11472,1/11/2026,1553,Beauty,North,3,229.12,0.15,Wallet,3
11473,1/12/2026,1447,Electronics,West,4,192.88,0.16,Wallet,11
11474,1/13/2026,1499,Clothing,South,4,20,0.31,Wallet,6
11475,1/14/2026,1014,Clothing,South,2,502.66,0.28,COD,11
11476,1/15/2026,1622,Clothing,East,2,66.15,0.04,COD,4
11477,1/16/2026,1668,Clothing,East,7,383.99,0.21,Card,1
11478,1/17/2026,1288,Electronics,West,4,309.88,0.35,Card,6
11479,1/18/2026,1477,Clothing,East,2,323.11,0.21,Card,1
11480,1/19/2026,1230,Beauty,East,4,557.13,0.28,Card,8
11481,1/20/2026,1922,Electronics,East,6,33.49,0.27,Card,3
11482,1/21/2026,1419,Beauty,East,7,467.43,0.12,Card,3
11483,1/22/2026,1156,Home,South,2,45.45,0.13,Wallet,1
11484,1/23/2026,1549,Home,East,6,37.32,0.25,Wallet,3
11485,1/24/2026,1440,Clothing,South,6,266.44,0.17,Card,7
11486,1/25/2026,1096,Home,South,2,51.9,0.2,Card,10
11487,1/26/2026,1996,Electronics,North,7,476.65,0.25,Wallet,8
11488,1/27/2026,1410,Home,South,4,324.79,0.27,Wallet,11
11489,1/28/2026,1950,Electronics,South,5,31.99,0.1,Wallet,8
11490,1/29/2026,1288,Beauty,East,4,38.69,0.05,Wallet,3
11491,1/30/2026,1253,Beauty,South,1,373.41,0.1,Wallet,5
11492,1/31/2026,1195,Electronics,West,2,486.58,0.18,Card,1
11493,2/1/2026,1597,Electronics,East,3,271.11,0.12,Card,9
11494,2/2/2026,1833,Home,East,7,339.43,0.2,COD,8
11495,2/3/2026,1521,Electronics,East,2,482.9,0.02,Card,10
11496,2/4/2026,1516,Beauty,North,1,372.15,0.18,Wallet,2
11497,2/5/2026,1634,Electronics,East,6,146.48,0.13,COD,10
11498,2/6/2026,1841,Electronics,South,3,373.64,0.19,COD,1
11499,2/7/2026,1864,Beauty,West,3,382.54,0.15,Card,4
11500,2/8/2026,1117,Home,East,4,444.45,0.1,COD,9
11501,2/9/2026,1805,Home,East,5,378.21,0.32,COD,8
11502,2/10/2026,1908,Electronics,West,4,582.01,0.06,Wallet,3
11503,2/11/2026,1158,Home,East,7,130.41,0.24,Card,10
11504,2/12/2026,1814,Clothing,North,3,571.39,0.32,Wallet,6
11505,2/13/2026,1227,Clothing,South,3,329.93,0.19,Wallet,9
11506,2/14/2026,1876,Home,West,5,408.09,0.31,COD,10
11507,2/15/2026,1215,Clothing,West,7,73.19,0.04,COD,8
11508,2/16/2026,1947,Clothing,North,2,237.64,0.17,COD,10
11509,2/17/2026,1695,Electronics,South,5,465.09,0.16,Card,5
11510,2/18/2026,1014,Home,North,6,428.54,0,Card,9
11511,2/19/2026,1156,Electronics,South,4,38.48,0.16,Wallet,9
11512,2/20/2026,1647,Home,North,2,334.76,0.13,COD,3
11513,2/21/2026,1260,Electronics,East,4,66.64,0.23,Card,8
11514,2/22/2026,1156,Clothing,North,5,597.58,0.33,COD,4
11515,2/23/2026,1046,Home,West,2,539.92,0.03,Card,10
11516,2/24/2026,1323,Electronics,West,5,27.33,0.11,Card,7
11517,2/25/2026,1843,Electronics,West,6,517.31,0.16,COD,10
11518,2/26/2026,1684,Electronics,North,1,552.87,0.16,Card,8
11519,2/27/2026,1129,Clothing,West,3,221.83,0.27,Card,7
11520,2/28/2026,1410,Home,West,7,435.91,0.16,COD,5
11521,3/1/2026,1094,Electronics,East,2,273.63,0.01,COD,11
11522,3/2/2026,1626,Home,East,3,398.31,0.25,Card,1
11523,3/3/2026,1754,Electronics,South,1,214.09,0.31,Card,8
11524,3/4/2026,1931,Clothing,South,2,203.7,0.18,Card,5
11525,3/5/2026,1291,Beauty,South,3,263.29,0.2,Card,3
11526,3/6/2026,1793,Electronics,North,3,100.16,0.06,Card,2
11527,3/7/2026,1810,Clothing,South,2,501.22,0.08,Card,3
11528,3/8/2026,1282,Electronics,North,3,218.99,0.08,Card,9
11529,3/9/2026,1068,Electronics,North,3,249.09,0.15,Wallet,2
11530,3/10/2026,1659,Electronics,South,2,538.02,0.32,Card,10
11531,3/11/2026,1010,Electronics,South,7,305.52,0.18,Card,1
11532,3/12/2026,1253,Clothing,North,3,333.39,0.07,Card,2
11533,3/13/2026,1841,Clothing,East,3,574.55,0.09,Card,2
11534,3/14/2026,1871,Clothing,West,7,533.73,0.13,COD,11
11535,3/15/2026,1549,Electronics,West,4,114.14,0.22,Card,5
11536,3/16/2026,1133,Electronics,West,6,291.83,0.15,Card,1
11537,3/17/2026,1711,Home,East,4,583.21,0.14,Card,10
11538,3/18/2026,1022,Beauty,North,1,232.83,0.2,COD,8
11539,3/19/2026,1814,Electronics,South,4,232.37,0.08,Card,2
11540,3/20/2026,1345,Beauty,North,4,129.09,0.03,COD,6
11541,3/21/2026,1301,Clothing,North,1,81.88,0.01,Card,5
11542,3/22/2026,1362,Clothing,South,3,448.08,0.09,Card,2
11543,3/23/2026,1395,Clothing,East,3,465.47,0.03,COD,10
11544,3/24/2026,1217,Electronics,West,4,581.87,0.12,COD,1
11545,3/25/2026,1140,Electronics,West,1,467.45,0.27,COD,6
11546,3/26/2026,1615,Clothing,North,3,157.36,0.25,Card,6
11547,3/27/2026,1957,Electronics,East,5,38.47,0.21,COD,3
11548,3/28/2026,1209,Beauty,West,2,591.48,0.3,Card,8
11549,3/29/2026,1984,Clothing,East,2,214.16,0.1,COD,9
11550,3/30/2026,1992,Electronics,South,6,197.5,0.31,COD,3
11551,3/31/2026,1622,Home,North,2,544.98,0.14,Card,9
11552,4/1/2026,1615,Electronics,North,4,357.28,0.14,COD,8
11553,4/2/2026,1827,Clothing,East,2,140.7,0.14,COD,5
11554,4/3/2026,1682,Home,West,2,535.12,0.03,Card,6
11555,4/4/2026,1459,Beauty,East,5,596.12,0.34,Wallet,1
11556,4/5/2026,1355,Home,South,3,65.71,0.05,Wallet,5
11557,4/6/2026,1323,Home,West,5,519.42,0.12,Card,10
11558,4/7/2026,1132,Home,West,4,243.45,0.11,Wallet,10
11559,4/8/2026,1887,Beauty,East,2,321.58,0.03,Card,7
11560,4/9/2026,1804,Electronics,South,7,550.17,0.05,COD,1
11561,4/10/2026,1839,Electronics,West,3,584.43,0.02,Wallet,10
11562,4/11/2026,1126,Electronics,North,6,168.37,0.1,COD,9
11563,4/12/2026,1105,Electronics,South,6,139.52,0.3,Card,7
11564,4/13/2026,1603,Home,West,2,62.1,0.12,Wallet,4
11565,4/14/2026,1798,Clothing,East,2,343.65,0.04,Card,11
11566,4/15/2026,1377,Clothing,West,6,22.96,0.23,Card,4
11567,4/16/2026,1904,Electronics,North,6,255.96,0.35,Card,11
11568,4/17/2026,1050,Home,South,7,57.93,0.08,Wallet,10
11569,4/18/2026,1028,Electronics,West,4,252.06,0.1,Wallet,7
11570,4/19/2026,1461,Home,North,2,38.36,0.34,Card,6
11571,4/20/2026,1295,Clothing,West,6,503.6,0.06,Wallet,3
11572,4/21/2026,1296,Electronics,West,7,137.7,0.18,Card,9
11573,4/22/2026,1725,Electronics,South,1,207.06,0.08,Wallet,6
11574,4/23/2026,1778,Electronics,East,6,523.98,0.33,COD,11
11575,4/24/2026,1406,Home,East,3,451.57,0.34,Card,2
11576,4/25/2026,1768,Beauty,North,3,143.14,0.29,Card,10
11577,4/26/2026,1813,Clothing,North,1,57.06,0.11,Card,2
11578,4/27/2026,1612,Electronics,North,4,433.67,0.14,Card,1
11579,4/28/2026,1404,Clothing,South,2,243.56,0.08,COD,11
11580,4/29/2026,1345,Home,East,2,463.16,0.31,Card,5
11581,4/30/2026,1621,Home,North,6,275.5,0.32,Wallet,10
11582,5/1/2026,1419,Electronics,North,3,217.41,0.15,COD,6
11583,5/2/2026,1181,Electronics,West,4,278.96,0.23,COD,3
11584,5/3/2026,1982,Home,West,4,452.91,0.06,Card,4
11585,5/4/2026,1824,Clothing,North,4,542.8,0.15,Wallet,5
11586,5/5/2026,1000,Electronics,West,6,44.11,0.22,COD,4
11587,5/6/2026,1830,Electronics,West,2,321.61,0.13,Wallet,9
11588,5/7/2026,1949,Clothing,West,4,34.21,0.13,Wallet,3
11589,5/8/2026,1566,Beauty,South,6,289.02,0,Card,5
11590,5/9/2026,1370,Beauty,North,6,532.89,0.28,Card,7
11591,5/10/2026,1935,Clothing,North,1,226.53,0.31,Wallet,7
11592,5/11/2026,1910,Clothing,West,5,560.48,0.34,Wallet,6
11593,5/12/2026,1660,Electronics,South,4,383.91,0.25,COD,9
11594,5/13/2026,1430,Clothing,West,5,561.48,0.19,Card,7
11595,5/14/2026,1968,Clothing,South,2,457.94,0.09,COD,11
11596,5/15/2026,1308,Clothing,North,6,75.51,0.35,Card,4
11597,5/16/2026,1136,Clothing,West,7,150.22,0.21,Card,11
11598,5/17/2026,1201,Electronics,North,4,245.59,0.24,COD,10
11599,5/18/2026,1435,Electronics,South,7,114.51,0.24,Card,9
11600,5/19/2026,1312,Electronics,East,3,304.52,0.3,COD,6
11601,5/20/2026,1116,Electronics,South,2,290.75,0,Wallet,1
11602,5/21/2026,1665,Electronics,East,1,574.41,0.08,Wallet,9
11603,5/22/2026,1936,Beauty,North,1,268.73,0.23,Wallet,11
11604,5/23/2026,1802,Clothing,North,5,474.59,0.31,Wallet,7
11605,5/24/2026,1574,Clothing,West,6,566.02,0.24,Card,6
11606,5/25/2026,1243,Beauty,East,5,528.04,0.14,Wallet,6
11607,5/26/2026,1536,Beauty,South,3,137.07,0.13,Wallet,4
11608,5/27/2026,1601,Clothing,North,3,305.18,0.26,Wallet,4
11609,5/28/2026,1074,Home,East,1,218.43,0.26,COD,11
11610,5/29/2026,1805,Electronics,South,7,248.92,0.21,Card,3
11611,5/30/2026,1385,Electronics,East,4,226.07,0.1,Card,8
11612,5/31/2026,1902,Clothing,South,1,498.42,0.32,Card,8
11613,6/1/2026,1209,Home,South,1,279.5,0.19,Wallet,2
11614,6/2/2026,1474,Home,South,7,321.36,0.28,COD,5
11615,6/3/2026,1417,Electronics,South,7,589.73,0.08,Wallet,9
11616,6/4/2026,1346,Electronics,East,3,50.09,0.12,COD,9
11617,6/5/2026,1528,Clothing,East,7,300.46,0.31,COD,7
11618,6/6/2026,1639,Electronics,West,5,467.83,0.02,Card,4
11619,6/7/2026,1938,Clothing,East,3,103.43,0.18,Card,4
11620,6/8/2026,1954,Home,East,7,372.75,0.17,Card,10
11621,6/9/2026,1875,Home,West,6,155.09,0.26,COD,11
11622,6/10/2026,1762,Home,East,3,522.43,0.1,Card,7
11623,6/11/2026,1178,Beauty,South,3,206.35,0.08,COD,3
11624,6/12/2026,1181,Clothing,North,1,207.5,0.32,Card,3
11625,6/13/2026,1663,Home,North,4,364.94,0.2,Wallet,5
11626,6/14/2026,1024,Clothing,West,1,122.38,0.04,Card,11
11627,6/15/2026,1966,Electronics,East,2,181.66,0.07,COD,6
11628,6/16/2026,1179,Electronics,East,3,258.73,0.35,Card,8
11629,6/17/2026,1709,Electronics,West,7,221.88,0.07,COD,1
11630,6/18/2026,1500,Clothing,North,7,322.05,0.21,Card,7
11631,6/19/2026,1855,Clothing,South,7,365.79,0.15,COD,8
11632,6/20/2026,1160,Home,East,3,346.5,0.31,Wallet,5
11633,6/21/2026,1176,Electronics,West,7,397.69,0.26,Card,10
11634,6/22/2026,1284,Electronics,South,2,195.03,0.21,Card,2
11635,6/23/2026,1062,Beauty,West,3,88.96,0,COD,4
11636,6/24/2026,1661,Electronics,West,7,460.07,0.31,COD,6
11637,6/25/2026,1665,Clothing,West,3,512.71,0.16,Card,9
11638,6/26/2026,1155,Clothing,North,6,165.35,0.33,COD,2
11639,6/27/2026,1881,Clothing,North,3,253.15,0.17,Card,4
11640,6/28/2026,1468,Electronics,West,2,306.66,0.24,Card,10
11641,6/29/2026,1048,Electronics,East,1,327,0.02,Card,5
11642,6/30/2026,1966,Electronics,South,3,400.8,0.26,Wallet,8
11643,7/1/2026,1848,Clothing,East,4,39.34,0.12,COD,8
11644,7/2/2026,1083,Clothing,North,2,437.06,0.12,COD,2
11645,7/3/2026,1360,Electronics,South,5,51.25,0.04,Wallet,6
11646,7/4/2026,1688,Clothing,West,6,288.95,0.05,Card,6
11647,7/5/2026,1147,Home,East,2,499.19,0.07,COD,5
11648,7/6/2026,1629,Electronics,East,1,278.96,0.11,Wallet,8
11649,7/7/2026,1341,Clothing,West,7,102.22,0.31,Card,10
11650,7/8/2026,1475,Home,East,7,591.24,0.13,Card,2
11651,7/9/2026,1062,Electronics,North,2,535.23,0.25,Wallet,2
11652,7/10/2026,1700,Electronics,West,5,466.22,0.03,Wallet,7
11653,7/11/2026,1359,Clothing,East,7,255.73,0.21,Card,9
11654,7/12/2026,1560,Beauty,West,6,122.55,0.17,Card,3
11655,7/13/2026,1326,Home,South,4,565.73,0.34,Card,7
11656,7/14/2026,1768,Clothing,West,5,326.43,0.3,Card,3
11657,7/15/2026,1735,Home,East,2,513.63,0.16,Card,6
11658,7/16/2026,1140,Clothing,North,5,215.13,0.27,COD,3
11659,7/17/2026,1989,Clothing,West,7,211.14,0.07,Wallet,1
11660,7/18/2026,1214,Clothing,West,7,591.54,0.2,Card,6
11661,7/19/2026,1434,Electronics,East,2,320.27,0.03,Wallet,11
11662,7/20/2026,1890,Home,North,7,97.31,0.12,Card,3
11663,7/21/2026,1951,Clothing,North,7,143.51,0.08,Card,1
11664,7/22/2026,1722,Clothing,South,4,296.94,0.25,COD,5
11665,7/23/2026,1317,Beauty,South,4,39.85,0.17,Card,8
11666,7/24/2026,1031,Electronics,East,1,285.58,0.26,Card,8
11667,7/25/2026,1669,Electronics,North,4,260.08,0.18,Wallet,8
11668,7/26/2026,1284,Electronics,North,3,470.91,0.03,Card,3
11669,7/27/2026,1304,Home,South,5,222.64,0.26,COD,8
11670,7/28/2026,1428,Home,South,5,589.79,0.29,Card,4
11671,7/29/2026,1476,Electronics,East,2,120.75,0.32,Card,8
11672,7/30/2026,1285,Home,North,4,360.73,0.2,COD,3
11673,7/31/2026,1143,Clothing,West,1,67.47,0.26,Wallet,3
11674,8/1/2026,1423,Home,South,7,444.31,0.26,Card,1
11675,8/2/2026,1018,Clothing,East,1,596.93,0.05,COD,8
11676,8/3/2026,1017,Clothing,North,1,494.2,0.06,Wallet,8
11677,8/4/2026,1768,Beauty,North,6,340.09,0.02,COD,9
11678,8/5/2026,1589,Electronics,South,7,298.57,0.11,Card,6
11679,8/6/2026,1370,Electronics,East,3,503.49,0.17,COD,2
11680,8/7/2026,1174,Clothing,West,4,562.54,0.35,COD,1
11681,8/8/2026,1193,Beauty,South,7,593.69,0.15,COD,8
11682,8/9/2026,1501,Clothing,East,1,246.98,0.25,COD,10
11683,8/10/2026,1987,Electronics,North,7,594.69,0.24,Card,4
11684,8/11/2026,1112,Electronics,West,3,106.22,0.07,COD,11
11685,8/12/2026,1113,Clothing,East,5,163.33,0.02,COD,11
11686,8/13/2026,1221,Electronics,West,2,67.07,0.19,COD,7
11687,8/14/2026,1677,Home,East,4,173.97,0.25,Wallet,10
11688,8/15/2026,1946,Beauty,East,4,464.24,0.35,Wallet,4
11689,8/16/2026,1830,Clothing,East,6,513.96,0.13,COD,1
11690,8/17/2026,1643,Clothing,East,5,470.65,0.31,COD,8
11691,8/18/2026,1896,Clothing,West,4,384.17,0.13,COD,10
11692,8/19/2026,1263,Electronics,South,6,315.67,0.24,COD,9
11693,8/20/2026,1924,Beauty,West,6,429.59,0.21,Wallet,10
11694,8/21/2026,1054,Clothing,East,6,243.64,0.02,COD,9
11695,8/22/2026,1870,Clothing,West,4,507.17,0.03,Card,9
11696,8/23/2026,1642,Home,West,4,411.16,0.01,COD,11
11697,8/24/2026,1799,Clothing,West,4,423.22,0.13,COD,11
11698,8/25/2026,1777,Clothing,East,3,328.52,0.26,COD,4
11699,8/26/2026,1457,Electronics,West,6,532.86,0.06,COD,9
11700,8/27/2026,1978,Home,North,3,162.43,0.21,Card,11
11701,8/28/2026,1877,Beauty,East,2,237.97,0.1,Card,4
11702,8/29/2026,1161,Clothing,West,4,469.92,0.28,Card,2
11703,8/30/2026,1379,Beauty,North,7,303.26,0.28,Card,10
11704,8/31/2026,1992,Electronics,West,5,535.19,0.27,Card,3
11705,9/1/2026,1086,Clothing,South,1,217.64,0.18,Wallet,2
11706,9/2/2026,1054,Clothing,West,2,231.06,0.1,Card,1
11707,9/3/2026,1475,Clothing,West,7,534.91,0.28,Wallet,11
11708,9/4/2026,1799,Clothing,South,1,286.66,0.07,Card,6
11709,9/5/2026,1177,Electronics,East,1,316.93,0.1,Card,4
11710,9/6/2026,1390,Electronics,South,4,209.67,0.06,COD,7
11711,9/7/2026,1348,Clothing,East,5,176.85,0.24,Card,7
11712,9/8/2026,1007,Electronics,South,1,398.73,0.24,Wallet,10
11713,9/9/2026,1832,Home,West,6,85.11,0.23,Card,1
11714,9/10/2026,1312,Electronics,West,7,529.37,0.15,Card,9
11715,9/11/2026,1758,Electronics,East,1,470.83,0.04,Wallet,8
11716,9/12/2026,1834,Clothing,East,2,126.59,0.32,Card,10
11717,9/13/2026,1983,Clothing,North,5,421,0.18,Card,1
11718,9/14/2026,1982,Beauty,North,5,367.54,0.14,Card,8
11719,9/15/2026,1442,Clothing,West,1,122.95,0.21,COD,5
11720,9/16/2026,1766,Electronics,West,5,174.82,0.07,Card,1
11721,9/17/2026,1327,Home,North,2,254.26,0.05,COD,4
11722,9/18/2026,1053,Clothing,North,7,424.06,0.14,Wallet,7
11723,9/19/2026,1760,Electronics,East,2,388.65,0.08,Wallet,5
11724,9/20/2026,1238,Clothing,South,2,326.36,0.09,Card,11
11725,9/21/2026,1228,Beauty,East,6,464.52,0.31,Card,3
11726,9/22/2026,1578,Clothing,North,4,458.39,0.19,Card,11
11727,9/23/2026,1050,Electronics,West,1,376.45,0.17,COD,4
11728,9/24/2026,1608,Electronics,North,7,475.39,0.24,Card,2
11729,9/25/2026,1603,Electronics,West,5,210.54,0.33,Wallet,8
11730,9/26/2026,1263,Clothing,West,2,530.53,0.04,COD,2
11731,9/27/2026,1417,Clothing,West,1,374.72,0.29,Card,11
11732,9/28/2026,1802,Electronics,West,7,496.08,0.2,COD,6
11733,9/29/2026,1095,Beauty,South,7,334.57,0.05,Card,7
11734,9/30/2026,1087,Home,North,1,142.79,0.1,Card,7
11735,10/1/2026,1077,Clothing,East,4,332.31,0.17,Card,1
11736,10/2/2026,1287,Home,West,6,232.1,0.24,Card,8
11737,10/3/2026,1119,Electronics,West,5,423.04,0.08,COD,9
11738,10/4/2026,1813,Clothing,East,6,293.34,0.19,COD,7
11739,10/5/2026,1490,Clothing,East,7,504.13,0.24,Card,8
11740,10/6/2026,1911,Home,West,5,411.67,0.16,Wallet,4
11741,10/7/2026,1451,Home,East,7,415.46,0.3,Card,8
11742,10/8/2026,1499,Electronics,East,2,142.04,0.3,Card,3
11743,10/9/2026,1164,Beauty,South,2,590.79,0.16,Card,1
11744,10/10/2026,1181,Electronics,East,1,507.38,0.34,COD,8
11745,10/11/2026,1468,Beauty,North,5,476.57,0.03,Wallet,11
11746,10/12/2026,1909,Beauty,North,5,208.18,0,COD,6
11747,10/13/2026,1734,Electronics,North,7,328.34,0.13,Wallet,9
11748,10/14/2026,1822,Home,West,6,95.21,0.21,Card,3
11749,10/15/2026,1943,Electronics,North,2,330.01,0.22,Card,8
11750,10/16/2026,1977,Clothing,South,3,100.35,0.17,COD,9
11751,10/17/2026,1006,Clothing,North,1,338.53,0.04,COD,9
11752,10/18/2026,1329,Clothing,West,5,394.5,0.06,Card,7
11753,10/19/2026,1774,Beauty,South,4,243.26,0.3,Wallet,11
11754,10/20/2026,1672,Home,North,4,306.65,0.3,Card,10
11755,10/21/2026,1150,Clothing,South,3,527.26,0.24,Card,3
11756,10/22/2026,1084,Home,South,2,78.51,0.23,COD,3
11757,10/23/2026,1146,Beauty,West,2,478.16,0.21,COD,2
11758,10/24/2026,1623,Electronics,West,2,114.89,0.07,Card,1
11759,10/25/2026,1380,Beauty,South,6,36.47,0.15,Card,2
11760,10/26/2026,1914,Electronics,North,7,123.56,0.24,COD,5
11761,10/27/2026,1547,Home,West,4,462.55,0.19,COD,1
11762,10/28/2026,1284,Electronics,South,2,252,0.01,COD,10
11763,10/29/2026,1699,Electronics,East,4,525.42,0.33,COD,4
11764,10/30/2026,1081,Clothing,East,3,321.95,0.3,Card,11
11765,10/31/2026,1513,Clothing,West,1,28.02,0.09,Wallet,10
11766,11/1/2026,1896,Clothing,North,7,434.28,0.22,Wallet,10
11767,11/2/2026,1814,Electronics,East,6,79.49,0.32,Card,1
11768,11/3/2026,1708,Clothing,East,5,476.79,0.03,Card,10
11769,11/4/2026,1915,Beauty,East,3,113.34,0.18,Card,8
11770,11/5/2026,1522,Clothing,North,7,217.09,0.16,COD,5
11771,11/6/2026,1745,Electronics,North,4,460.34,0.14,Wallet,10
11772,11/7/2026,1385,Clothing,West,3,573.23,0.29,COD,4
11773,11/8/2026,1706,Electronics,West,5,232.29,0.13,Wallet,3
11774,11/9/2026,1470,Home,East,7,500.2,0.02,Card,9
11775,11/10/2026,1118,Home,North,6,126.61,0.02,COD,6
11776,11/11/2026,1395,Clothing,South,1,487.2,0.01,Card,1
11777,11/12/2026,1531,Clothing,East,5,399.63,0.14,Card,8
11778,11/13/2026,1260,Home,West,7,127.75,0.25,COD,10
11779,11/14/2026,1804,Clothing,North,6,191.96,0.07,Card,2
11780,11/15/2026,1933,Home,West,4,92.09,0.23,COD,9
11781,11/16/2026,1255,Clothing,West,5,239.04,0.24,COD,11
11782,11/17/2026,1733,Home,North,3,134.13,0.09,Wallet,7
11783,11/18/2026,1904,Clothing,East,2,391.74,0.21,Card,3
11784,11/19/2026,1225,Clothing,North,3,596.79,0.24,COD,4
11785,11/20/2026,1052,Beauty,East,4,22.03,0.16,Wallet,3
11786,11/21/2026,1939,Clothing,West,7,331.44,0.12,Wallet,6
11787,11/22/2026,1866,Clothing,North,1,350.59,0.22,COD,9
11788,11/23/2026,1499,Electronics,South,5,549.81,0.34,COD,10
11789,11/24/2026,1505,Clothing,East,7,311.01,0.15,Card,9
11790,11/25/2026,1853,Clothing,South,1,333.07,0.14,COD,1
11791,11/26/2026,1363,Electronics,East,4,290.92,0.16,COD,10
11792,11/27/2026,1279,Electronics,North,5,172.31,0.03,COD,6
11793,11/28/2026,1592,Clothing,South,6,47.78,0.19,COD,1
11794,11/29/2026,1713,Home,North,6,254.06,0.12,Card,11
11795,11/30/2026,1157,Clothing,East,7,45.77,0.04,Card,4
11796,12/1/2026,1631,Electronics,East,3,337.04,0.16,COD,7
11797,12/2/2026,1058,Home,East,7,194.77,0,Card,4
11798,12/3/2026,1726,Electronics,East,3,327.16,0.14,Card,9
11799,12/4/2026,1127,Clothing,West,4,93.56,0.04,Card,10
11800,12/5/2026,1735,Electronics,East,6,560.59,0.01,Card,5
11801,12/6/2026,1720,Electronics,South,5,538.29,0.29,Wallet,9
11802,12/7/2026,1881,Electronics,East,6,126.15,0.32,COD,1
11803,12/8/2026,1114,Clothing,North,3,215.91,0.07,Card,4
11804,12/9/2026,1208,Electronics,West,7,373.89,0.19,COD,7
11805,12/10/2026,1525,Clothing,South,4,70.98,0.1,Card,2
11806,12/11/2026,1520,Clothing,West,6,222.42,0.17,COD,9
11807,12/12/2026,1551,Clothing,West,4,161.9,0.15,Card,3
11808,12/13/2026,1961,Clothing,West,6,550.58,0.09,Wallet,4
11809,12/14/2026,1236,Home,North,7,513.72,0.25,Card,4
11810,12/15/2026,1280,Electronics,West,1,354.2,0.04,COD,8
11811,12/16/2026,1358,Clothing,West,7,319.4,0.02,Wallet,2
11812,12/17/2026,1200,Electronics,East,6,559.47,0.27,Wallet,5
11813,12/18/2026,1757,Electronics,North,3,560.47,0.23,Card,2
11814,12/19/2026,1277,Clothing,South,7,582.06,0.17,COD,6
11815,12/20/2026,1234,Clothing,South,5,88.35,0.16,Card,9
11816,12/21/2026,1493,Beauty,South,3,108.93,0.17,COD,9
11817,12/22/2026,1003,Clothing,North,3,410.89,0.15,Card,1
11818,12/23/2026,1665,Beauty,South,3,331.74,0.14,Wallet,4
11819,12/24/2026,1441,Electronics,North,4,25.8,0.17,Card,4
11820,12/25/2026,1028,Electronics,East,2,51.26,0.18,COD,1
11821,12/26/2026,1108,Electronics,East,2,534.53,0.24,COD,10
11822,12/27/2026,1609,Electronics,North,1,523.29,0.25,Wallet,2
11823,12/28/2026,1726,Clothing,South,3,224,0.13,COD,6
11824,12/29/2026,1804,Clothing,North,2,536.26,0.14,Card,10
11825,12/30/2026,1074,Electronics,North,1,362.3,0.13,Card,3
11826,12/31/2026,1837,Beauty,West,4,486.45,0.19,Card,9
11827,1/1/2027,1145,Home,North,3,265.05,0.16,COD,3
11828,1/2/2027,1127,Electronics,West,5,81.34,0.31,COD,3
11829,1/3/2027,1852,Electronics,East,4,268.73,0.24,COD,9
11830,1/4/2027,1041,Electronics,West,1,282.52,0.31,Card,3
11831,1/5/2027,1355,Electronics,North,4,337.3,0.25,COD,6
11832,1/6/2027,1040,Electronics,East,5,76.77,0.34,COD,6
11833,1/7/2027,1933,Clothing,West,4,594.97,0.22,Wallet,1
11834,1/8/2027,1033,Electronics,North,1,157.82,0.34,COD,7
11835,1/9/2027,1016,Clothing,East,5,131.15,0.06,Card,9
11836,1/10/2027,1676,Beauty,West,5,323.18,0.02,Card,9
11837,1/11/2027,1152,Home,North,4,329.27,0.2,Card,9
11838,1/12/2027,1997,Beauty,North,5,272.3,0.34,COD,2
11839,1/13/2027,1377,Electronics,South,7,466.56,0.15,COD,1
11840,1/14/2027,1587,Clothing,South,4,317.24,0.07,Card,6
11841,1/15/2027,1598,Clothing,West,3,371.67,0.18,Card,6
11842,1/16/2027,1628,Electronics,West,5,438.39,0.23,Card,4
11843,1/17/2027,1873,Electronics,West,4,29.64,0.11,Wallet,8
11844,1/18/2027,1341,Home,North,3,348.83,0.25,Card,5
11845,1/19/2027,1980,Clothing,West,5,532.25,0.34,Card,7
11846,1/20/2027,1026,Clothing,North,3,25.17,0.31,Card,9
11847,1/21/2027,1824,Clothing,West,6,252.03,0.1,Card,1
11848,1/22/2027,1286,Clothing,North,5,556.84,0.11,COD,9
11849,1/23/2027,1645,Electronics,North,6,221.6,0.13,Wallet,4
11850,1/24/2027,1730,Electronics,South,1,283.36,0.14,Card,7
11851,1/25/2027,1167,Electronics,East,1,589.2,0.04,COD,11
11852,1/26/2027,1609,Electronics,North,4,131.6,0.27,Card,4
11853,1/27/2027,1267,Beauty,West,2,53.17,0.13,Wallet,4
11854,1/28/2027,1748,Clothing,South,6,517.76,0.31,Card,4
11855,1/29/2027,1820,Home,West,6,523.05,0.32,Card,6
11856,1/30/2027,1454,Electronics,West,1,291.17,0.01,COD,5
11857,1/31/2027,1905,Clothing,North,6,315.81,0.35,Card,2
11858,2/1/2027,1684,Electronics,North,2,503.95,0.25,Card,9
11859,2/2/2027,1400,Electronics,East,3,447.06,0.18,COD,11
11860,2/3/2027,1921,Electronics,North,3,170.11,0.14,COD,6
11861,2/4/2027,1980,Home,North,2,24.88,0.18,COD,10
11862,2/5/2027,1475,Home,East,6,295.62,0.11,COD,6
11863,2/6/2027,1701,Clothing,West,6,517.46,0.22,COD,9
11864,2/7/2027,1633,Clothing,East,6,539.06,0.03,COD,1
11865,2/8/2027,1557,Beauty,East,7,574.39,0.22,COD,7
11866,2/9/2027,1575,Electronics,East,4,529.54,0.1,COD,3
11867,2/10/2027,1129,Electronics,South,5,354.33,0.01,Card,4
11868,2/11/2027,1821,Electronics,West,2,275.09,0.19,Card,1
11869,2/12/2027,1362,Home,South,2,468.29,0.2,Card,3
11870,2/13/2027,1704,Beauty,South,7,447.8,0.15,Card,7
11871,2/14/2027,1818,Electronics,North,2,329.81,0.03,COD,6
11872,2/15/2027,1692,Beauty,East,2,66.09,0.31,Card,1
11873,2/16/2027,1291,Home,East,7,556.76,0.21,Card,9
11874,2/17/2027,1370,Electronics,South,2,281.53,0.04,Card,4
11875,2/18/2027,1793,Clothing,North,6,227.55,0.18,Card,7
11876,2/19/2027,1028,Clothing,North,7,383.3,0.17,COD,4
11877,2/20/2027,1148,Beauty,North,4,409.2,0.02,COD,7
11878,2/21/2027,1778,Electronics,West,1,138.25,0.21,COD,5
11879,2/22/2027,1295,Home,South,6,504.61,0.28,Card,1
11880,2/23/2027,1010,Electronics,West,6,184.61,0.26,Wallet,4
11881,2/24/2027,1511,Home,North,5,124.21,0.07,Wallet,3
11882,2/25/2027,1675,Clothing,North,7,252.74,0.3,COD,6
11883,2/26/2027,1112,Clothing,North,1,442.38,0.12,Wallet,6
11884,2/27/2027,1186,Home,East,2,579.79,0.33,COD,1
11885,2/28/2027,1806,Home,South,1,488.43,0.03,Wallet,11
11886,3/1/2027,1743,Beauty,East,4,565.1,0.17,Wallet,2
11887,3/2/2027,1226,Electronics,West,3,97.25,0.21,Wallet,2
11888,3/3/2027,1309,Home,East,6,56.64,0.09,COD,10
11889,3/4/2027,1097,Electronics,South,7,341.26,0.27,COD,4
11890,3/5/2027,1054,Clothing,East,7,184.82,0.22,COD,9
11891,3/6/2027,1622,Clothing,North,1,499.41,0.01,Card,11
11892,3/7/2027,1663,Clothing,West,5,408.11,0.21,Card,2
11893,3/8/2027,1757,Clothing,West,4,582.88,0.17,Wallet,11
11894,3/9/2027,1405,Beauty,North,3,164.05,0.07,Card,8
11895,3/10/2027,1068,Electronics,North,4,299.18,0.35,COD,11
11896,3/11/2027,1311,Home,North,7,308.23,0.31,Card,1
11897,3/12/2027,1288,Clothing,South,2,154.92,0.1,Card,8
11898,3/13/2027,1761,Electronics,East,3,360.2,0.19,Wallet,3
11899,3/14/2027,1547,Electronics,West,7,274.32,0.11,Wallet,5
11900,3/15/2027,1750,Beauty,East,5,276.33,0.27,COD,1
11901,3/16/2027,1147,Beauty,North,3,227.2,0.33,Card,1
11902,3/17/2027,1466,Beauty,North,7,24.9,0.13,COD,6
11903,3/18/2027,1738,Beauty,East,5,320.43,0.28,Card,3
11904,3/19/2027,1243,Electronics,West,2,211.12,0.17,Card,8
11905,3/20/2027,1490,Clothing,South,5,15.77,0.14,Card,4
11906,3/21/2027,1848,Home,East,4,195.15,0.33,COD,6
11907,3/22/2027,1957,Clothing,North,1,178,0.18,Card,10
11908,3/23/2027,1506,Clothing,North,4,245.17,0.16,COD,9
11909,3/24/2027,1364,Clothing,South,7,92.13,0.24,Card,8
11910,3/25/2027,1481,Clothing,East,7,312,0.09,Card,4
11911,3/26/2027,1200,Clothing,South,6,420.08,0.11,Card,10
11912,3/27/2027,1153,Electronics,South,4,383.66,0.33,Wallet,8
11913,3/28/2027,1449,Clothing,West,3,485.2,0.24,COD,7
11914,3/29/2027,1500,Clothing,West,2,279.42,0.29,Card,5
11915,3/30/2027,1072,Clothing,North,6,318.67,0.09,COD,7
11916,3/31/2027,1712,Electronics,East,6,489.09,0.19,Wallet,7
11917,4/1/2027,1295,Home,West,6,265.21,0.34,COD,10
11918,4/2/2027,1016,Electronics,North,7,425.44,0.11,COD,2
11919,4/3/2027,1640,Clothing,East,1,269.24,0.06,Card,7
11920,4/4/2027,1216,Home,North,5,259.38,0.18,COD,3
11921,4/5/2027,1060,Clothing,West,3,459.72,0.14,COD,8
11922,4/6/2027,1938,Electronics,North,7,117.28,0.06,COD,8
11923,4/7/2027,1615,Home,East,2,213.07,0.31,Wallet,9
11924,4/8/2027,1041,Clothing,East,7,146.14,0.35,Card,11
11925,4/9/2027,1024,Home,North,1,225.08,0.2,Card,4
11926,4/10/2027,1038,Home,East,7,149.77,0.27,Wallet,10
11927,4/11/2027,1802,Clothing,North,7,353.95,0.3,COD,3
11928,4/12/2027,1130,Clothing,East,4,481.93,0.25,Card,9
11929,4/13/2027,1497,Electronics,North,2,475.17,0.02,Card,9
11930,4/14/2027,1228,Electronics,North,6,228.23,0.06,Wallet,2
11931,4/15/2027,1107,Clothing,North,2,593.42,0.02,Card,6
11932,4/16/2027,1171,Clothing,South,2,362.4,0,Card,3
11933,4/17/2027,1434,Clothing,East,4,248.65,0.11,Card,5
11934,4/18/2027,1477,Electronics,West,5,503.79,0.14,Wallet,2
11935,4/19/2027,1101,Electronics,North,7,441.98,0.08,Wallet,4
11936,4/20/2027,1865,Clothing,South,3,453.33,0.02,COD,11
11937,4/21/2027,1523,Electronics,West,6,129.74,0.19,COD,3
11938,4/22/2027,1274,Home,North,5,288.97,0.1,Card,2
11939,4/23/2027,1612,Electronics,West,1,519.17,0.28,Card,6
11940,4/24/2027,1043,Clothing,South,7,309.86,0,Wallet,11
11941,4/25/2027,1954,Beauty,West,6,414.82,0.29,Card,3
11942,4/26/2027,1816,Electronics,North,3,358.94,0.33,COD,4
11943,4/27/2027,1956,Clothing,West,7,507.78,0.25,COD,6
11944,4/28/2027,1016,Electronics,West,1,181.47,0.26,Card,5
11945,4/29/2027,1329,Clothing,North,4,351.65,0.33,COD,4
11946,4/30/2027,1568,Clothing,South,5,87.09,0.07,COD,4
11947,5/1/2027,1822,Clothing,South,7,418.77,0.35,COD,2
11948,5/2/2027,1496,Clothing,West,6,443.2,0.27,Card,10
11949,5/3/2027,1814,Beauty,East,2,40.06,0.25,Card,4
11950,5/4/2027,1011,Electronics,West,3,410.34,0.13,COD,8
11951,5/5/2027,1317,Electronics,East,7,257.59,0.19,Wallet,5
11952,5/6/2027,1591,Beauty,West,6,87.6,0.23,Card,11
11953,5/7/2027,1215,Clothing,South,2,260.65,0.22,Wallet,10
11954,5/8/2027,1338,Beauty,West,6,128.63,0.25,COD,10
11955,5/9/2027,1775,Clothing,West,7,258.1,0.03,Wallet,8
11956,5/10/2027,1990,Home,East,1,239.84,0.12,Card,6
11957,5/11/2027,1660,Clothing,South,2,446.96,0.15,Card,10
11958,5/12/2027,1080,Home,East,2,467.92,0.09,Card,5
11959,5/13/2027,1726,Beauty,West,6,370.11,0.06,Card,4
11960,5/14/2027,1484,Clothing,North,4,28.27,0.05,Wallet,10
11961,5/15/2027,1373,Electronics,West,7,559.65,0.13,Card,9
11962,5/16/2027,1975,Electronics,West,4,416.45,0.17,COD,10
11963,5/17/2027,1709,Electronics,East,5,35,0.02,Card,5
11964,5/18/2027,1199,Electronics,North,1,494.02,0.33,COD,10
11965,5/19/2027,1536,Electronics,North,4,132.16,0.27,Card,11
11966,5/20/2027,1465,Clothing,East,6,353.84,0.26,Card,6
11967,5/21/2027,1088,Clothing,South,7,287.98,0.06,Card,7
11968,5/22/2027,1267,Clothing,North,4,260.61,0.21,COD,11
11969,5/23/2027,1654,Clothing,North,5,535.48,0.19,Card,11
11970,5/24/2027,1570,Electronics,East,3,270.86,0.34,Card,1
11971,5/25/2027,1921,Electronics,South,5,59.08,0.26,Card,9
11972,5/26/2027,1488,Electronics,South,2,568.78,0.2,Wallet,8
11973,5/27/2027,1876,Clothing,West,7,553.51,0.3,COD,11
11974,5/28/2027,1537,Electronics,West,2,415.39,0.05,COD,5
11975,5/29/2027,1046,Electronics,East,4,288.72,0.01,COD,3
11976,5/30/2027,1287,Clothing,South,4,69.32,0.24,Card,5
11977,5/31/2027,1777,Home,East,5,477.59,0.03,COD,5
11978,6/1/2027,1015,Electronics,West,5,59.15,0.04,Card,9
11979,6/2/2027,1710,Clothing,East,6,55.13,0.26,Card,7
11980,6/3/2027,1400,Home,East,1,329.37,0.09,COD,2
11981,6/4/2027,1918,Home,North,6,108.68,0.22,COD,5
11982,6/5/2027,1793,Beauty,North,2,19.52,0.32,Card,9
11983,6/6/2027,1980,Electronics,North,6,262.52,0.11,Card,11
11984,6/7/2027,1085,Electronics,West,5,95.27,0.08,COD,2
11985,6/8/2027,1249,Beauty,East,7,108.9,0.04,COD,8
11986,6/9/2027,1390,Clothing,North,6,59.99,0.05,Card,3
11987,6/10/2027,1781,Clothing,North,3,134.98,0.02,Card,4
11988,6/11/2027,1334,Home,North,1,433.56,0.03,Wallet,2
11989,6/12/2027,1628,Home,West,5,488.22,0.15,COD,9
11990,6/13/2027,1518,Beauty,West,7,279.73,0.11,Wallet,6
11991,6/14/2027,1136,Beauty,East,4,311.33,0.25,Card,9
11992,6/15/2027,1882,Home,East,6,34.1,0.3,COD,11
11993,6/16/2027,1687,Electronics,East,5,55.55,0.27,Card,8
11994,6/17/2027,1839,Beauty,North,4,165.68,0.19,COD,9
11995,6/18/2027,1497,Electronics,South,4,333.18,0.04,Card,5
11996,6/19/2027,1826,Electronics,West,2,447.64,0.25,Card,6
11997,6/20/2027,1726,Beauty,North,2,368.93,0.13,Card,7
11998,6/21/2027,1476,Electronics,North,7,244.39,0.03,COD,5
11999,6/22/2027,1593,Electronics,East,5,84.22,0.29,COD,1
12000,6/23/2027,1222,Electronics,East,7,471.75,0.12,COD,9
12001,6/24/2027,1989,Beauty,North,5,227.81,0.08,Wallet,2
12002,6/25/2027,1371,Clothing,West,3,445.59,0.31,COD,7
12003,6/26/2027,1934,Home,West,1,315.09,0.32,COD,8
12004,6/27/2027,1994,Electronics,North,1,447.12,0.12,Wallet,8
12005,6/28/2027,1401,Home,South,5,545.76,0.12,COD,1
12006,6/29/2027,1442,Home,South,2,553.8,0.2,Card,10
12007,6/30/2027,1489,Electronics,West,6,328.04,0.26,Wallet,7
12008,7/1/2027,1614,Clothing,East,7,314.23,0.02,Card,9
12009,7/2/2027,1272,Electronics,South,3,170.42,0.21,COD,11
12010,7/3/2027,1525,Beauty,South,1,562.44,0.33,Card,11
12011,7/4/2027,1158,Clothing,East,5,282.88,0.09,COD,3
12012,7/5/2027,1151,Beauty,South,2,89.64,0.32,COD,8
12013,7/6/2027,1994,Electronics,North,2,268.13,0.33,Card,8
12014,7/7/2027,1619,Home,South,2,89.33,0.09,COD,9
12015,7/8/2027,1187,Home,East,7,308.98,0.26,COD,8
12016,7/9/2027,1812,Home,North,6,343.35,0.08,Card,5
12017,7/10/2027,1097,Beauty,South,4,212.59,0.26,Card,5
12018,7/11/2027,1130,Clothing,West,7,56.92,0.28,Card,3
12019,7/12/2027,1804,Electronics,North,6,566.95,0.09,Wallet,6
12020,7/13/2027,1170,Home,North,2,467.41,0.25,COD,10
12021,7/14/2027,1935,Home,West,5,505.75,0.28,Wallet,3
12022,7/15/2027,1985,Clothing,West,3,229.62,0.13,Card,2
12023,7/16/2027,1182,Electronics,South,6,460.09,0.06,Card,7
12024,7/17/2027,1982,Clothing,South,5,298.94,0.03,Card,10
12025,7/18/2027,1363,Electronics,East,7,132.63,0.2,Card,3
12026,7/19/2027,1038,Clothing,East,7,87.79,0.34,COD,4
12027,7/20/2027,1526,Clothing,North,2,216.85,0.29,Wallet,11
12028,7/21/2027,1887,Home,West,3,95.47,0.15,Card,10
12029,7/22/2027,1496,Electronics,West,1,598.99,0.19,Wallet,8
12030,7/23/2027,1515,Clothing,East,1,43.78,0.1,Card,1
12031,7/24/2027,1348,Electronics,North,7,273.07,0.06,Wallet,9
12032,7/25/2027,1981,Electronics,North,5,279.47,0.17,Card,6
12033,7/26/2027,1920,Home,East,3,190.87,0.16,Wallet,2
12034,7/27/2027,1396,Beauty,East,5,349.24,0.18,Card,3
12035,7/28/2027,1721,Clothing,East,3,102.74,0.33,Wallet,5
12036,7/29/2027,1160,Home,South,3,473.59,0.21,Card,11
12037,7/30/2027,1015,Beauty,North,7,209.48,0.21,Card,6
12038,7/31/2027,1492,Home,North,5,360.94,0.04,COD,9
12039,8/1/2027,1425,Electronics,North,7,433.65,0.35,Card,2
12040,8/2/2027,1107,Beauty,East,3,535.09,0.27,COD,5
12041,8/3/2027,1893,Clothing,East,6,503.94,0.31,Wallet,7
12042,8/4/2027,1449,Electronics,East,2,370.86,0.15,COD,11
12043,8/5/2027,1310,Electronics,East,3,242.21,0.18,COD,11
12044,8/6/2027,1738,Clothing,West,6,309.37,0.18,Card,7
12045,8/7/2027,1169,Electronics,East,3,464.71,0.07,COD,4
12046,8/8/2027,1545,Electronics,South,6,528.36,0.24,COD,3
12047,8/9/2027,1413,Electronics,West,5,75.71,0.32,Wallet,8
12048,8/10/2027,1250,Home,West,1,240.14,0.06,Card,2
12049,8/11/2027,1758,Beauty,East,4,469.03,0.03,COD,5
12050,8/12/2027,1780,Electronics,North,3,267.52,0.26,Card,10
12051,8/13/2027,1140,Beauty,East,4,209.35,0.1,Card,5
12052,8/14/2027,1273,Beauty,North,3,255.62,0.22,Card,1
12053,8/15/2027,1415,Home,East,5,367.66,0.24,Card,7
12054,8/16/2027,1607,Electronics,East,5,599.89,0.11,Card,4
12055,8/17/2027,1738,Home,North,6,303.4,0.29,Card,10
12056,8/18/2027,1890,Beauty,North,3,136.97,0.19,Wallet,2
12057,8/19/2027,1038,Home,North,5,110.27,0.3,Card,8
12058,8/20/2027,1813,Electronics,North,5,39.77,0.27,Wallet,4
12059,8/21/2027,1028,Clothing,South,3,341.91,0.3,Card,1
12060,8/22/2027,1957,Clothing,North,6,333.57,0.01,Card,8
12061,8/23/2027,1476,Clothing,East,6,135.06,0.09,COD,11
12062,8/24/2027,1317,Electronics,East,6,421.77,0.03,COD,7
12063,8/25/2027,1244,Electronics,South,6,448.55,0.15,COD,3
12064,8/26/2027,1747,Home,North,1,166.57,0.31,COD,3
12065,8/27/2027,1696,Beauty,East,3,216.3,0.16,Card,7
12066,8/28/2027,1271,Electronics,South,7,594.43,0.3,COD,2
12067,8/29/2027,1439,Beauty,East,1,233.94,0.11,COD,5
12068,8/30/2027,1747,Electronics,South,5,460.07,0.12,Card,7
12069,8/31/2027,1238,Home,South,1,279.84,0.31,Wallet,6
12070,9/1/2027,1376,Home,West,7,479.11,0.15,COD,10
12071,9/2/2027,1265,Home,West,7,464.88,0.28,Card,7
12072,9/3/2027,1925,Beauty,North,7,405.64,0.08,Wallet,2
12073,9/4/2027,1920,Electronics,West,6,515.05,0.33,Wallet,7
12074,9/5/2027,1358,Beauty,South,5,564.44,0.2,COD,2
12075,9/6/2027,1339,Electronics,East,1,354.29,0.27,Card,7
12076,9/7/2027,1388,Home,East,1,153.92,0.03,Wallet,8
12077,9/8/2027,1576,Home,North,3,248.2,0.17,Card,10
12078,9/9/2027,1989,Home,West,1,458.61,0.32,Card,8
12079,9/10/2027,1688,Electronics,North,5,395.77,0.31,Card,5
12080,9/11/2027,1002,Beauty,South,6,119.01,0.02,COD,7
12081,9/12/2027,1428,Electronics,West,3,44.98,0.11,Wallet,11
12082,9/13/2027,1141,Electronics,North,1,414.53,0.16,COD,8
12083,9/14/2027,1375,Home,East,3,161.88,0.06,Wallet,4
12084,9/15/2027,1669,Clothing,East,4,307.31,0.26,Card,2
12085,9/16/2027,1323,Home,North,3,451.85,0.06,Card,7
12086,9/17/2027,1145,Clothing,North,7,344.16,0.12,COD,1
12087,9/18/2027,1957,Electronics,North,6,63.73,0.23,Wallet,2
12088,9/19/2027,1292,Home,South,7,123.56,0.17,COD,10
12089,9/20/2027,1664,Clothing,South,4,143.31,0.26,Card,7
12090,9/21/2027,1431,Electronics,East,7,165.85,0.34,Card,10
12091,9/22/2027,1704,Home,South,4,345.76,0.04,Card,1
12092,9/23/2027,1948,Clothing,South,3,309.82,0.25,Card,7
12093,9/24/2027,1974,Clothing,West,5,133.85,0.08,Card,5
12094,9/25/2027,1584,Clothing,South,6,54.52,0.15,Wallet,11
12095,9/26/2027,1398,Home,West,5,115.29,0.01,COD,3
12096,9/27/2027,1816,Home,South,6,590.86,0.05,COD,11
12097,9/28/2027,1888,Home,East,6,289.1,0.11,Card,2
12098,9/29/2027,1343,Electronics,North,7,522.4,0.12,Card,7
12099,9/30/2027,1963,Home,East,7,511.52,0.31,COD,9
12100,10/1/2027,1139,Home,South,5,314.24,0.26,Wallet,9
12101,10/2/2027,1186,Home,North,2,428.41,0.34,COD,10
12102,10/3/2027,1804,Clothing,North,4,127.76,0.21,Wallet,10
12103,10/4/2027,1060,Beauty,North,7,417.71,0.08,Wallet,8
12104,10/5/2027,1996,Home,West,7,174.34,0.11,Card,2
12105,10/6/2027,1938,Electronics,East,7,501.76,0.11,Card,1
12106,10/7/2027,1379,Clothing,West,3,63.98,0.11,COD,8
12107,10/8/2027,1709,Beauty,North,5,467.29,0.24,Card,2
12108,10/9/2027,1806,Electronics,East,5,73.46,0.19,Card,4
12109,10/10/2027,1439,Beauty,East,7,530.5,0.13,Card,4
12110,10/11/2027,1318,Home,South,3,192.96,0.05,Card,2
12111,10/12/2027,1301,Clothing,West,7,397.82,0.01,Wallet,4
12112,10/13/2027,1343,Electronics,West,4,300.19,0.08,Card,7
12113,10/14/2027,1010,Electronics,South,3,229.29,0.04,Card,6
12114,10/15/2027,1061,Beauty,West,7,392.58,0.27,COD,10
12115,10/16/2027,1844,Electronics,North,6,569.3,0.04,COD,6
12116,10/17/2027,1225,Home,North,2,39.14,0.25,COD,4
12117,10/18/2027,1152,Clothing,West,6,552.53,0.13,Wallet,2
12118,10/19/2027,1710,Electronics,South,2,371.31,0.03,COD,5
12119,10/20/2027,1563,Electronics,East,3,487.28,0.28,COD,11
12120,10/21/2027,1771,Clothing,West,6,239.57,0.2,Card,3
12121,10/22/2027,1570,Beauty,East,4,291.03,0.08,COD,3
12122,10/23/2027,1583,Clothing,South,6,523.28,0.31,COD,4
12123,10/24/2027,1659,Clothing,East,5,257.69,0.02,Wallet,11
12124,10/25/2027,1860,Electronics,South,2,327.78,0.07,Wallet,11
12125,10/26/2027,1574,Clothing,South,2,26.81,0.26,COD,5
12126,10/27/2027,1309,Clothing,North,7,107.78,0.25,COD,11
12127,10/28/2027,1884,Beauty,North,4,390.39,0.1,Card,2
12128,10/29/2027,1242,Clothing,South,2,434.43,0.02,Card,6
12129,10/30/2027,1492,Clothing,West,2,355.82,0.3,Card,6
12130,10/31/2027,1365,Electronics,North,7,98.84,0.11,Card,8
12131,11/1/2027,1329,Beauty,South,4,275.56,0.07,Card,2
12132,11/2/2027,1106,Electronics,East,6,222.73,0.18,Card,8
12133,11/3/2027,1225,Electronics,East,3,304.96,0.32,COD,8
12134,11/4/2027,1824,Home,West,6,524.14,0.02,COD,4
12135,11/5/2027,1217,Clothing,East,5,468.88,0.27,COD,7
12136,11/6/2027,1936,Clothing,East,5,64.13,0.2,COD,7
12137,11/7/2027,1752,Clothing,South,2,535.83,0.15,Card,1
12138,11/8/2027,1505,Home,East,5,290.98,0.26,Wallet,1
12139,11/9/2027,1258,Electronics,East,3,450.16,0.34,Card,8
12140,11/10/2027,1887,Home,East,2,96.92,0.08,Wallet,11
12141,11/11/2027,1773,Clothing,East,7,407.37,0.05,Card,1
12142,11/12/2027,1516,Clothing,South,5,153.25,0.32,COD,3
12143,11/13/2027,1772,Clothing,East,7,271.45,0.23,Card,6
12144,11/14/2027,1053,Electronics,West,1,24.86,0.15,Card,8
12145,11/15/2027,1046,Home,North,1,103.69,0.2,Card,5
12146,11/16/2027,1726,Clothing,West,1,68.87,0.26,COD,5
12147,11/17/2027,1688,Electronics,North,7,155.25,0.27,Card,4
12148,11/18/2027,1520,Clothing,West,1,73.51,0.32,COD,4
12149,11/19/2027,1098,Beauty,North,6,419.77,0.15,Card,7
12150,11/20/2027,1019,Clothing,North,1,31.99,0.1,Card,6
12151,11/21/2027,1889,Beauty,North,2,376.38,0.22,Wallet,8
12152,11/22/2027,1752,Electronics,North,4,97.31,0.15,Wallet,11
12153,11/23/2027,1572,Electronics,South,6,567.92,0.21,COD,6
12154,11/24/2027,1890,Electronics,West,4,560.86,0.15,Card,11
12155,11/25/2027,1489,Clothing,North,2,146.92,0.05,Card,10
12156,11/26/2027,1418,Electronics,West,2,374.44,0.16,Wallet,7
12157,11/27/2027,1689,Electronics,East,3,31.38,0.24,Card,10
12158,11/28/2027,1849,Beauty,North,6,560.1,0.28,Wallet,10
12159,11/29/2027,1061,Home,West,4,320.95,0.17,Card,5
12160,11/30/2027,1144,Home,South,1,40.29,0.06,Wallet,6
12161,12/1/2027,1215,Electronics,West,2,215.36,0.15,Card,1
12162,12/2/2027,1002,Electronics,North,1,59.96,0.28,Card,3
12163,12/3/2027,1159,Electronics,East,4,244.87,0.14,COD,8
12164,12/4/2027,1738,Home,West,7,406.91,0.24,Wallet,3
12165,12/5/2027,1997,Beauty,East,6,289.89,0.18,Wallet,1
12166,12/6/2027,1780,Clothing,South,5,239.48,0.08,COD,3
12167,12/7/2027,1119,Electronics,West,7,84.71,0.28,COD,4
12168,12/8/2027,1892,Clothing,West,7,158.29,0.03,COD,8
12169,12/9/2027,1088,Electronics,South,5,73.58,0.18,COD,9
12170,12/10/2027,1328,Clothing,South,2,487.39,0.07,Wallet,4
12171,12/11/2027,1579,Clothing,South,3,94.12,0.02,COD,7
12172,12/12/2027,1909,Home,North,1,363.29,0.18,COD,1
12173,12/13/2027,1356,Electronics,North,2,215.5,0.17,COD,9
12174,12/14/2027,1609,Electronics,West,3,147.2,0.25,COD,11
12175,12/15/2027,1266,Beauty,West,1,389.09,0.26,Wallet,4
12176,12/16/2027,1616,Electronics,West,4,282.35,0.25,Card,9
12177,12/17/2027,1951,Electronics,East,7,249.09,0.14,Card,3
12178,12/18/2027,1322,Electronics,South,7,361.82,0.22,COD,11
12179,12/19/2027,1634,Electronics,West,5,302.39,0.2,Card,5
12180,12/20/2027,1987,Clothing,South,3,192.54,0.15,COD,1
12181,12/21/2027,1540,Home,North,1,342.05,0.21,Wallet,11
12182,12/22/2027,1648,Electronics,South,2,406.66,0.33,COD,3
12183,12/23/2027,1194,Clothing,East,1,30.62,0.07,Wallet,5
12184,12/24/2027,1920,Home,East,2,287.53,0.32,Card,6
12185,12/25/2027,1737,Clothing,South,7,48.74,0.02,Wallet,8
12186,12/26/2027,1331,Beauty,East,5,124.05,0.11,COD,1
12187,12/27/2027,1169,Beauty,East,5,342.9,0.1,Card,3
12188,12/28/2027,1520,Electronics,North,1,521.72,0.22,COD,1
12189,12/29/2027,1462,Home,West,1,531.44,0.05,Wallet,5
12190,12/30/2027,1039,Clothing,East,2,55.92,0.31,Card,8
12191,12/31/2027,1536,Beauty,West,2,260.18,0.29,COD,4
12192,1/1/2028,1260,Clothing,South,3,356.06,0.23,Wallet,11
12193,1/2/2028,1394,Beauty,South,7,101.04,0.16,Card,9
12194,1/3/2028,1954,Home,East,3,462.78,0.33,COD,6
12195,1/4/2028,1225,Electronics,South,3,450.38,0.29,COD,6
12196,1/5/2028,1983,Clothing,North,1,543.45,0.17,Card,11
12197,1/6/2028,1123,Beauty,East,6,19.96,0.25,COD,5
12198,1/7/2028,1974,Beauty,East,6,141.76,0.2,Card,10
12199,1/8/2028,1037,Electronics,East,6,498.9,0.21,COD,5
12200,1/9/2028,1327,Home,South,6,407.29,0.12,Card,11
12201,1/10/2028,1250,Electronics,South,3,538.22,0.16,Card,7
12202,1/11/2028,1900,Electronics,East,1,48.45,0.03,COD,8
12203,1/12/2028,1175,Clothing,West,6,364.22,0.13,Card,7
12204,1/13/2028,1601,Electronics,South,5,347.89,0.24,Card,1
12205,1/14/2028,1913,Home,South,4,35.87,0.33,Wallet,1
12206,1/15/2028,1453,Electronics,East,5,315.41,0.34,Wallet,10
12207,1/16/2028,1036,Home,West,1,371.57,0.19,Wallet,6
12208,1/17/2028,1315,Electronics,East,1,126.91,0.21,COD,3
12209,1/18/2028,1687,Electronics,South,4,174.9,0.07,Wallet,9
12210,1/19/2028,1972,Electronics,East,2,389.6,0.24,Wallet,11
12211,1/20/2028,1795,Electronics,East,2,288.96,0.02,Card,7
12212,1/21/2028,1964,Electronics,East,2,516.94,0.1,Card,2
12213,1/22/2028,1972,Electronics,West,3,215.29,0.23,Card,3
12214,1/23/2028,1592,Clothing,East,2,171,0.11,COD,8
12215,1/24/2028,1113,Electronics,South,7,591.15,0.02,Wallet,1
12216,1/25/2028,1039,Clothing,East,3,548.01,0.29,COD,5
12217,1/26/2028,1300,Clothing,West,3,31.96,0.11,COD,10
12218,1/27/2028,1223,Beauty,North,2,465.88,0.02,Card,1
12219,1/28/2028,1317,Beauty,West,2,79.55,0.03,Card,9
12220,1/29/2028,1348,Clothing,East,4,31.08,0.09,COD,7
12221,1/30/2028,1114,Electronics,North,6,175.11,0.06,Wallet,5
12222,1/31/2028,1697,Electronics,East,4,172.57,0.27,Card,6
12223,2/1/2028,1322,Beauty,West,3,494.3,0.11,Wallet,11
12224,2/2/2028,1567,Electronics,North,4,430.74,0.28,Card,3
12225,2/3/2028,1039,Electronics,North,3,589.24,0.06,COD,3
12226,2/4/2028,1865,Electronics,East,1,431.24,0.17,COD,7
12227,2/5/2028,1039,Electronics,East,3,259.68,0.24,Wallet,7
12228,2/6/2028,1858,Electronics,West,3,423.87,0.23,Card,7
12229,2/7/2028,1972,Home,East,4,599.68,0.21,Card,2
12230,2/8/2028,1748,Electronics,North,6,430.43,0.32,Card,2
12231,2/9/2028,1288,Clothing,South,1,460.58,0.08,Wallet,11
12232,2/10/2028,1261,Electronics,South,5,563.94,0.17,Card,5
12233,2/11/2028,1215,Electronics,West,5,81.49,0.31,Card,4
12234,2/12/2028,1146,Beauty,East,6,427.3,0.03,COD,7
12235,2/13/2028,1335,Electronics,West,5,512.72,0.02,COD,3
12236,2/14/2028,1167,Home,South,1,573.31,0.08,Wallet,5
12237,2/15/2028,1091,Clothing,South,2,138.42,0.22,Wallet,2
12238,2/16/2028,1352,Electronics,East,1,309.8,0.09,COD,1
12239,2/17/2028,1570,Beauty,North,4,413.12,0.07,Wallet,9
12240,2/18/2028,1570,Electronics,East,7,159.77,0.16,COD,4
12241,2/19/2028,1815,Beauty,South,3,366.28,0.21,Card,8
12242,2/20/2028,1680,Electronics,North,3,165.68,0.09,Wallet,7
12243,2/21/2028,1780,Beauty,West,4,210.07,0.11,COD,1
12244,2/22/2028,1362,Electronics,South,4,273.29,0.21,Card,10
12245,2/23/2028,1556,Clothing,West,7,324.58,0.33,COD,11
12246,2/24/2028,1344,Home,North,7,277.88,0.24,Card,7
12247,2/25/2028,1692,Beauty,West,3,303.52,0.27,Card,2
12248,2/26/2028,1169,Beauty,South,7,189.67,0.13,COD,3
12249,2/27/2028,1355,Home,East,7,107.99,0.1,Wallet,1
12250,2/28/2028,1190,Beauty,West,7,42.7,0.16,COD,7
12251,2/29/2028,1666,Electronics,South,6,129.65,0.28,Card,3
12252,3/1/2028,1421,Electronics,South,2,355.44,0.16,Wallet,6
12253,3/2/2028,1699,Electronics,North,7,474.88,0.3,Card,7
12254,3/3/2028,1006,Clothing,South,2,114.01,0.35,Card,3
12255,3/4/2028,1132,Clothing,East,2,78.5,0.03,Card,2
12256,3/5/2028,1746,Clothing,East,4,453.33,0.02,Card,9
12257,3/6/2028,1556,Electronics,West,7,193.52,0.05,Card,9
12258,3/7/2028,1825,Home,West,3,571.63,0.13,COD,7
12259,3/8/2028,1760,Electronics,West,6,432.88,0.05,Wallet,5
12260,3/9/2028,1030,Electronics,West,3,206.15,0.3,Wallet,4
12261,3/10/2028,1534,Clothing,East,7,184.38,0.01,Wallet,4
12262,3/11/2028,1425,Home,North,3,321.36,0.11,COD,1
12263,3/12/2028,1393,Home,West,7,61.3,0.06,COD,4
12264,3/13/2028,1671,Clothing,North,6,83.84,0.33,Wallet,7
12265,3/14/2028,1362,Electronics,South,1,117.88,0.23,COD,5
12266,3/15/2028,1436,Clothing,South,6,468.21,0.32,COD,9
12267,3/16/2028,1669,Electronics,West,1,315.61,0.34,COD,4
12268,3/17/2028,1550,Clothing,South,5,21.18,0.17,Card,11
12269,3/18/2028,1926,Clothing,North,1,409.01,0.08,COD,3
12270,3/19/2028,1081,Electronics,North,2,262.86,0.07,COD,6
12271,3/20/2028,1355,Electronics,South,2,313.85,0.08,COD,4
12272,3/21/2028,1257,Beauty,West,6,140.26,0.25,Card,11
12273,3/22/2028,1717,Beauty,North,2,337.79,0.01,COD,2
12274,3/23/2028,1588,Clothing,North,2,587.8,0.02,Wallet,5
12275,3/24/2028,1988,Electronics,East,5,57.97,0.21,Wallet,4
12276,3/25/2028,1523,Electronics,West,2,181.09,0.22,Card,5
12277,3/26/2028,1294,Clothing,East,4,157.15,0.23,Card,9
12278,3/27/2028,1961,Beauty,South,4,160.4,0.13,COD,4
12279,3/28/2028,1223,Electronics,South,4,236.54,0.28,Card,6
12280,3/29/2028,1524,Home,East,1,493.59,0.19,Card,4
12281,3/30/2028,1045,Electronics,West,6,549.02,0.04,Card,1
12282,3/31/2028,1666,Beauty,North,6,133.3,0.28,Wallet,2
12283,4/1/2028,1112,Clothing,South,3,332.63,0.33,COD,6
12284,4/2/2028,1232,Home,West,5,387.59,0.02,COD,8
12285,4/3/2028,1016,Electronics,West,4,320.27,0.14,COD,9
12286,4/4/2028,1359,Clothing,South,4,268.93,0.17,COD,4
12287,4/5/2028,1222,Electronics,South,2,127.31,0.05,Card,6
12288,4/6/2028,1865,Electronics,West,4,300.61,0.3,COD,3
12289,4/7/2028,1699,Beauty,North,2,249.71,0.1,Card,9
12290,4/8/2028,1447,Beauty,East,2,480.4,0.27,COD,8
12291,4/9/2028,1855,Beauty,South,3,461.71,0.23,Card,1
12292,4/10/2028,1364,Clothing,East,1,93.39,0.21,COD,2
12293,4/11/2028,1674,Home,West,2,66.78,0.07,COD,10
12294,4/12/2028,1325,Electronics,East,2,546.27,0.08,Card,9
12295,4/13/2028,1466,Electronics,North,6,328.27,0.02,Card,10
12296,4/14/2028,1413,Electronics,West,3,516.81,0.08,Card,3
12297,4/15/2028,1454,Clothing,North,2,49.02,0.12,COD,3
12298,4/16/2028,1585,Clothing,West,5,323.01,0.29,Card,10
12299,4/17/2028,1232,Electronics,North,1,330.56,0.13,Card,9
12300,4/18/2028,1223,Clothing,West,5,518.51,0.26,COD,3
12301,4/19/2028,1993,Home,North,4,72.1,0.15,COD,10
12302,4/20/2028,1830,Clothing,West,1,155.66,0.27,Card,11
12303,4/21/2028,1411,Electronics,North,4,252.82,0.34,COD,5
12304,4/22/2028,1571,Electronics,West,6,521.52,0.08,Wallet,6
12305,4/23/2028,1334,Electronics,North,7,564.25,0.3,Wallet,3
12306,4/24/2028,1221,Electronics,South,7,595.74,0.22,Card,10
12307,4/25/2028,1036,Clothing,East,7,576.13,0.29,Wallet,8
12308,4/26/2028,1988,Clothing,West,2,18.48,0.23,COD,2
12309,4/27/2028,1277,Home,North,3,42.91,0.15,Wallet,6
12310,4/28/2028,1195,Clothing,South,5,101.35,0.08,COD,2
12311,4/29/2028,1915,Home,West,4,219.08,0.02,COD,9
12312,4/30/2028,1863,Electronics,West,2,500.5,0.19,COD,6
12313,5/1/2028,1483,Clothing,West,7,537.2,0.35,COD,9
12314,5/2/2028,1241,Home,East,5,124.3,0.26,COD,4
12315,5/3/2028,1323,Electronics,North,5,377.5,0.11,Card,3
12316,5/4/2028,1730,Electronics,North,6,551.66,0.29,Card,2
12317,5/5/2028,1191,Beauty,West,6,286.28,0.27,Card,8
12318,5/6/2028,1016,Electronics,West,7,75.57,0.1,Wallet,4
12319,5/7/2028,1523,Home,West,4,282.82,0.01,COD,2
12320,5/8/2028,1917,Electronics,South,7,234.84,0.04,COD,11
12321,5/9/2028,1400,Home,West,7,352.93,0.31,COD,9
12322,5/10/2028,1905,Electronics,East,2,271.62,0.29,Card,8
12323,5/11/2028,1885,Electronics,North,3,25.15,0.1,Card,5
12324,5/12/2028,1704,Clothing,East,7,596.49,0.1,COD,8
12325,5/13/2028,1021,Electronics,West,4,332.97,0.28,Wallet,5
12326,5/14/2028,1473,Clothing,South,5,292.07,0.33,Card,7
12327,5/15/2028,1119,Electronics,West,5,573.45,0.27,Card,5
12328,5/16/2028,1209,Electronics,West,1,106.18,0.21,Card,5
12329,5/17/2028,1305,Electronics,West,7,125.7,0.08,Card,4
12330,5/18/2028,1269,Electronics,West,2,487.69,0.18,Card,5
12331,5/19/2028,1703,Beauty,West,1,167.59,0.08,COD,7
12332,5/20/2028,1686,Electronics,North,6,482.55,0.28,Card,3
12333,5/21/2028,1284,Clothing,East,3,173.85,0.14,Card,4
12334,5/22/2028,1715,Electronics,South,4,34.41,0.29,COD,8
12335,5/23/2028,1675,Electronics,West,7,317.45,0.13,Wallet,6
12336,5/24/2028,1762,Beauty,South,5,130.06,0.29,Card,8
12337,5/25/2028,1226,Electronics,North,2,458.34,0.12,COD,11
12338,5/26/2028,1947,Beauty,East,5,390.1,0.15,Card,2
12339,5/27/2028,1380,Electronics,West,7,555.31,0.22,Wallet,9
12340,5/28/2028,1459,Home,North,6,473.05,0.02,COD,7
12341,5/29/2028,1006,Clothing,North,1,120.75,0.33,Wallet,5
12342,5/30/2028,1028,Beauty,East,7,483.09,0.2,Card,11
12343,5/31/2028,1906,Clothing,West,1,390.42,0.18,COD,7
12344,6/1/2028,1032,Clothing,East,4,406.34,0.29,COD,2
12345,6/2/2028,1645,Electronics,East,2,501.87,0.3,Card,11
12346,6/3/2028,1878,Electronics,South,6,350.69,0.18,Card,4
12347,6/4/2028,1078,Beauty,South,2,287.61,0.32,COD,7
12348,6/5/2028,1927,Electronics,East,4,387.44,0.02,COD,2
12349,6/6/2028,1946,Clothing,South,6,189.31,0.04,Card,8
12350,6/7/2028,1458,Home,North,6,121.82,0.21,COD,10
12351,6/8/2028,1569,Electronics,East,1,375.7,0.12,Card,10
12352,6/9/2028,1982,Beauty,West,1,151.8,0.16,Card,11
12353,6/10/2028,1537,Home,West,1,61.75,0.11,COD,5
12354,6/11/2028,1481,Clothing,North,5,15.32,0.14,Card,5
12355,6/12/2028,1429,Beauty,West,3,370.87,0.29,Card,8
12356,6/13/2028,1737,Electronics,West,7,226.86,0.21,Card,1
12357,6/14/2028,1284,Electronics,East,1,455.1,0.35,COD,6
12358,6/15/2028,1515,Clothing,North,3,234.48,0.28,COD,2
12359,6/16/2028,1976,Electronics,East,3,299.31,0.1,Wallet,1
12360,6/17/2028,1098,Home,North,2,253.14,0.09,Card,7
12361,6/18/2028,1396,Beauty,East,4,395.59,0.12,COD,4
12362,6/19/2028,1488,Clothing,East,5,223.34,0.3,Card,1
12363,6/20/2028,1038,Electronics,South,3,578.8,0.01,COD,10
12364,6/21/2028,1270,Beauty,West,7,562.65,0.08,COD,11
12365,6/22/2028,1886,Clothing,North,5,511.1,0.32,Card,11
12366,6/23/2028,1796,Clothing,West,2,553.38,0.22,COD,6
12367,6/24/2028,1156,Clothing,South,1,277.75,0.08,Card,10
12368,6/25/2028,1074,Beauty,North,6,328.81,0.08,Card,6
12369,6/26/2028,1883,Clothing,South,3,449.12,0.3,Card,3
12370,6/27/2028,1799,Home,West,4,422.25,0.31,COD,6
12371,6/28/2028,1129,Home,East,6,536.05,0.09,COD,10
12372,6/29/2028,1686,Electronics,South,2,434.05,0.15,Card,9
12373,6/30/2028,1973,Clothing,South,5,598.76,0.29,Card,6
12374,7/1/2028,1083,Home,East,7,218.88,0.27,Card,1
12375,7/2/2028,1021,Clothing,West,1,502.3,0.28,Card,10
12376,7/3/2028,1458,Home,South,5,423.12,0.18,COD,6
12377,7/4/2028,1538,Beauty,West,4,419.46,0.32,COD,8
12378,7/5/2028,1706,Clothing,East,3,205.61,0.11,Card,7
12379,7/6/2028,1848,Home,North,4,474.58,0.05,Card,8
12380,7/7/2028,1381,Home,South,5,541.72,0.25,Wallet,11
12381,7/8/2028,1747,Home,West,5,142.85,0.19,Card,8
12382,7/9/2028,1439,Clothing,East,6,380.92,0.3,Card,9
12383,7/10/2028,1603,Electronics,East,4,244.4,0.03,COD,3
12384,7/11/2028,1988,Clothing,South,4,593.89,0.3,COD,7
12385,7/12/2028,1020,Home,North,4,295.12,0.1,COD,6
12386,7/13/2028,1302,Clothing,South,1,148.57,0.23,Wallet,2
12387,7/14/2028,1975,Home,West,7,238.39,0.01,Card,5
12388,7/15/2028,1868,Clothing,East,5,397.5,0.21,COD,3
12389,7/16/2028,1954,Clothing,North,2,59.51,0.25,Card,11
12390,7/17/2028,1083,Electronics,West,1,368.11,0.13,COD,5
12391,7/18/2028,1773,Home,South,1,559.77,0.08,Wallet,11
12392,7/19/2028,1658,Clothing,East,1,512.46,0.19,COD,9
12393,7/20/2028,1952,Electronics,South,6,54.59,0.29,COD,8
12394,7/21/2028,1452,Electronics,North,7,596.13,0.11,Wallet,9
12395,7/22/2028,1386,Home,North,7,423.76,0.09,Card,9
12396,7/23/2028,1506,Clothing,North,2,109.93,0.1,COD,11
12397,7/24/2028,1256,Electronics,North,4,22.26,0.33,Wallet,8
12398,7/25/2028,1569,Beauty,North,6,115.2,0.13,COD,8
12399,7/26/2028,1891,Home,South,5,505.33,0,Card,11
12400,7/27/2028,1933,Beauty,North,3,27.66,0.27,Card,11
12401,7/28/2028,1526,Clothing,North,6,151.39,0.24,Card,6
12402,7/29/2028,1161,Clothing,East,3,458.02,0.04,Card,6
12403,7/30/2028,1956,Beauty,North,5,357.87,0.34,COD,6
12404,7/31/2028,1162,Clothing,East,2,472.9,0.21,Card,10
12405,8/1/2028,1831,Home,East,7,451.5,0.18,Card,6
12406,8/2/2028,1792,Electronics,East,3,44.6,0.13,Card,11
12407,8/3/2028,1791,Clothing,South,1,537.12,0.31,COD,9
12408,8/4/2028,1523,Electronics,South,6,147.81,0.09,COD,10
12409,8/5/2028,1785,Electronics,West,3,338.73,0.1,COD,1
12410,8/6/2028,1270,Electronics,West,5,391.91,0.04,Card,10
12411,8/7/2028,1491,Electronics,East,7,113.65,0.27,Card,6
12412,8/8/2028,1207,Beauty,South,1,586.1,0.21,Card,8
12413,8/9/2028,1538,Electronics,North,3,300.57,0.21,Card,1
12414,8/10/2028,1583,Home,West,7,48.72,0.08,Card,11
12415,8/11/2028,1059,Home,South,5,563.3,0.23,COD,11
12416,8/12/2028,1429,Clothing,North,2,357.97,0.27,Card,6
12417,8/13/2028,1984,Electronics,North,5,424.03,0.13,Wallet,9
12418,8/14/2028,1656,Home,South,2,322.23,0.28,COD,6
12419,8/15/2028,1604,Clothing,West,7,503.32,0.12,Card,2
12420,8/16/2028,1308,Home,South,7,34.38,0.27,COD,1
12421,8/17/2028,1519,Home,West,1,172,0.01,COD,4
12422,8/18/2028,1590,Beauty,East,5,289.74,0.19,COD,6
12423,8/19/2028,1026,Clothing,South,4,59.81,0.34,Wallet,10
12424,8/20/2028,1685,Electronics,South,6,427.96,0.34,Card,10
12425,8/21/2028,1561,Clothing,West,4,245.29,0.1,Wallet,9
12426,8/22/2028,1198,Electronics,West,4,174.51,0.15,Card,5
12427,8/23/2028,1386,Beauty,South,4,16.98,0.02,Wallet,7
12428,8/24/2028,1348,Electronics,North,6,436.1,0.31,Card,6
12429,8/25/2028,1959,Electronics,North,4,502.78,0.2,Card,6
12430,8/26/2028,1939,Home,North,2,246.1,0.13,COD,9
12431,8/27/2028,1692,Clothing,East,5,345.07,0.04,Card,5
12432,8/28/2028,1535,Clothing,East,7,148.2,0.33,Card,2
12433,8/29/2028,1827,Clothing,West,1,378.99,0.19,Card,8
12434,8/30/2028,1377,Beauty,East,4,22.1,0.1,COD,11
12435,8/31/2028,1898,Electronics,North,7,300.86,0.12,Wallet,3
12436,9/1/2028,1915,Beauty,South,4,391.86,0.09,COD,9
12437,9/2/2028,1557,Electronics,East,1,552.14,0.21,Wallet,5
12438,9/3/2028,1526,Home,East,1,238.08,0.33,COD,1
12439,9/4/2028,1152,Home,North,4,462.64,0.3,Card,4
12440,9/5/2028,1733,Electronics,East,2,364.65,0.16,Card,9
12441,9/6/2028,1205,Clothing,West,7,557.3,0.29,COD,1
12442,9/7/2028,1454,Electronics,South,1,248.05,0.15,Card,8
12443,9/8/2028,1272,Home,North,5,201.67,0.09,Card,8
12444,9/9/2028,1893,Clothing,West,7,533.98,0.34,COD,9
12445,9/10/2028,1235,Clothing,North,5,43.81,0.11,COD,9
12446,9/11/2028,1851,Electronics,West,7,94.79,0.11,Card,6
12447,9/12/2028,1739,Electronics,South,2,63.21,0.35,Wallet,5
12448,9/13/2028,1520,Electronics,South,6,508.22,0.05,COD,7
12449,9/14/2028,1677,Electronics,West,3,21.21,0.27,COD,9
12450,9/15/2028,1943,Clothing,West,2,519.07,0.33,Wallet,5
12451,9/16/2028,1955,Beauty,West,4,278.99,0.18,Card,3
12452,9/17/2028,1830,Home,West,3,17.35,0,COD,9
12453,9/18/2028,1725,Clothing,West,4,249.96,0.13,Wallet,10
12454,9/19/2028,1500,Beauty,West,5,124.28,0.04,COD,1
12455,9/20/2028,1116,Home,South,1,380.27,0.15,COD,1
12456,9/21/2028,1385,Beauty,West,7,412.42,0.28,Card,10
12457,9/22/2028,1343,Clothing,East,4,300.2,0.15,COD,11
12458,9/23/2028,1583,Electronics,South,5,38.7,0.15,Card,4
12459,9/24/2028,1394,Electronics,North,2,398.84,0.19,Wallet,2
12460,9/25/2028,1063,Home,South,4,507.59,0.2,Wallet,7
12461,9/26/2028,1716,Electronics,North,5,436.39,0.3,Wallet,2
12462,9/27/2028,1720,Electronics,North,1,500.53,0.11,COD,7
12463,9/28/2028,1071,Clothing,East,7,132.3,0.29,Card,8
12464,9/29/2028,1788,Clothing,West,4,535,0.2,Card,11
12465,9/30/2028,1273,Clothing,West,6,203.48,0.11,Wallet,8
12466,10/1/2028,1989,Electronics,South,5,22.84,0.1,Card,3
12467,10/2/2028,1319,Clothing,West,4,508.38,0.13,Card,9
12468,10/3/2028,1337,Clothing,East,1,565.97,0.22,COD,10
12469,10/4/2028,1365,Beauty,South,7,398.5,0.08,Card,10
12470,10/5/2028,1494,Home,South,4,150.39,0.32,COD,10
12471,10/6/2028,1606,Beauty,South,4,162.27,0.2,COD,6
12472,10/7/2028,1165,Home,West,7,287.96,0.32,COD,4
12473,10/8/2028,1543,Clothing,West,6,540.23,0.02,Wallet,8
12474,10/9/2028,1010,Electronics,West,5,102.51,0.12,Card,4
12475,10/10/2028,1300,Home,South,3,498.19,0.01,Card,4
12476,10/11/2028,1728,Clothing,South,7,185.41,0.1,Card,11
12477,10/12/2028,1800,Clothing,North,4,488.02,0.3,Wallet,8
12478,10/13/2028,1101,Clothing,North,3,553.36,0.01,Card,4
12479,10/14/2028,1424,Clothing,West,2,265.08,0.15,Card,1
12480,10/15/2028,1391,Electronics,South,4,228.55,0.04,COD,6
12481,10/16/2028,1778,Clothing,West,3,484.3,0.15,Card,8
12482,10/17/2028,1213,Electronics,West,2,324.75,0.29,Wallet,3
12483,10/18/2028,1690,Home,North,6,415.4,0.22,Wallet,2
12484,10/19/2028,1087,Electronics,East,5,379.36,0.26,COD,6
12485,10/20/2028,1552,Electronics,West,4,104.44,0.12,COD,1
12486,10/21/2028,1400,Clothing,East,5,509.2,0.33,Card,11
12487,10/22/2028,1587,Home,East,2,129.53,0.25,COD,5
12488,10/23/2028,1888,Clothing,South,5,560.39,0.15,COD,6
12489,10/24/2028,1045,Electronics,South,5,161.58,0.15,Card,8
12490,10/25/2028,1671,Clothing,West,7,444.32,0.32,Card,7
12491,10/26/2028,1462,Electronics,North,1,181.52,0.2,Wallet,6
12492,10/27/2028,1591,Beauty,North,2,200.9,0.25,Card,2
12493,10/28/2028,1309,Beauty,West,5,196.35,0.15,COD,8
12494,10/29/2028,1085,Clothing,West,3,452.52,0.08,Card,8
12495,10/30/2028,1091,Electronics,North,2,340.74,0.25,Card,11
12496,10/31/2028,1659,Home,East,1,531.53,0.21,Wallet,5
12497,11/1/2028,1672,Electronics,West,4,194.81,0.18,Card,3
12498,11/2/2028,1713,Clothing,East,6,419.82,0.22,COD,11
12499,11/3/2028,1935,Electronics,West,5,455.47,0.07,Card,8
12500,11/4/2028,1927,Beauty,West,3,103.62,0.28,Card,5
12501,11/5/2028,1241,Electronics,East,1,249.34,0.33,Wallet,3
12502,11/6/2028,1864,Clothing,East,2,297.45,0.31,COD,9
12503,11/7/2028,1001,Home,North,6,223.08,0.11,Wallet,9
12504,11/8/2028,1224,Clothing,West,6,203.44,0.14,Wallet,7
12505,11/9/2028,1800,Electronics,South,5,416.56,0.28,Wallet,8
12506,11/10/2028,1744,Beauty,South,1,141.28,0.21,Wallet,5
12507,11/11/2028,1972,Clothing,West,1,429.99,0.19,Card,5
12508,11/12/2028,1925,Clothing,West,3,562,0.32,Wallet,5
12509,11/13/2028,1928,Electronics,West,4,345.64,0.19,Card,2
12510,11/14/2028,1588,Clothing,East,4,372.69,0.18,Card,3
12511,11/15/2028,1115,Clothing,South,7,55.33,0.01,Card,8
12512,11/16/2028,1665,Electronics,South,4,520.72,0.02,Card,6
12513,11/17/2028,1917,Electronics,South,7,181.99,0,COD,9
12514,11/18/2028,1102,Home,West,6,374.8,0.32,Card,7
12515,11/19/2028,1193,Electronics,East,6,587.78,0.14,Card,6
12516,11/20/2028,1165,Electronics,West,2,363.37,0.16,COD,11
12517,11/21/2028,1870,Clothing,North,6,438.96,0.3,Card,4
12518,11/22/2028,1089,Home,North,6,275.51,0.21,COD,7
12519,11/23/2028,1685,Electronics,South,1,50.31,0.21,Card,4
12520,11/24/2028,1121,Clothing,West,2,481.6,0.1,Card,7
12521,11/25/2028,1142,Electronics,North,1,35.47,0.29,Card,5
12522,11/26/2028,1993,Electronics,North,3,424.88,0.06,Card,2
12523,11/27/2028,1105,Electronics,West,7,28.41,0.02,COD,7
12524,11/28/2028,1886,Home,East,7,519.45,0.07,COD,8
12525,11/29/2028,1427,Electronics,West,3,107.22,0.09,Card,10
12526,11/30/2028,1304,Electronics,West,7,315.85,0.1,Card,11
12527,12/1/2028,1871,Clothing,East,2,364.33,0.23,Card,2
12528,12/2/2028,1970,Home,South,2,282.66,0.08,Wallet,6
12529,12/3/2028,1316,Electronics,South,6,214.35,0.24,Card,4
12530,12/4/2028,1962,Clothing,South,7,288.67,0.03,Wallet,5
12531,12/5/2028,1634,Electronics,East,3,197.18,0.05,COD,1
12532,12/6/2028,1901,Clothing,North,5,271.3,0.18,Card,6
12533,12/7/2028,1008,Clothing,East,4,224.96,0.32,Wallet,11
12534,12/8/2028,1773,Clothing,West,6,346.23,0.3,COD,8
12535,12/9/2028,1072,Electronics,East,4,154.19,0.34,COD,2
12536,12/10/2028,1358,Electronics,North,3,593.36,0.23,Card,1
12537,12/11/2028,1222,Electronics,North,7,308.01,0.24,COD,9
12538,12/12/2028,1415,Clothing,West,7,128.58,0.22,Card,2
12539,12/13/2028,1552,Electronics,South,4,294.08,0.22,Card,8
12540,12/14/2028,1369,Home,North,5,521.85,0.05,Wallet,5
12541,12/15/2028,1715,Beauty,North,7,27.76,0.19,Wallet,2
12542,12/16/2028,1263,Beauty,North,5,412.54,0.14,Card,5
12543,12/17/2028,1839,Beauty,West,1,335.56,0.15,COD,9
12544,12/18/2028,1689,Clothing,North,2,114.19,0.18,COD,6
12545,12/19/2028,1859,Home,South,4,493.22,0.04,Card,3
12546,12/20/2028,1317,Electronics,West,7,230.8,0.13,Card,8
12547,12/21/2028,1083,Clothing,South,5,186.87,0.02,Card,1
12548,12/22/2028,1317,Clothing,North,7,499.45,0.34,COD,9
12549,12/23/2028,1110,Clothing,North,2,388.54,0.04,Wallet,9
12550,12/24/2028,1250,Home,South,2,540.48,0.09,Card,4
12551,12/25/2028,1382,Electronics,West,1,383.48,0.31,COD,8
12552,12/26/2028,1006,Electronics,West,2,448.38,0.17,COD,11
12553,12/27/2028,1458,Beauty,South,2,504.32,0.05,COD,11
12554,12/28/2028,1083,Electronics,North,6,47.02,0.13,Card,3
12555,12/29/2028,1207,Clothing,East,3,468.99,0.04,COD,6
12556,12/30/2028,1899,Beauty,South,7,374.02,0.07,Wallet,10
12557,12/31/2028,1389,Clothing,South,1,55.66,0.02,Card,10
12558,1/1/2029,1313,Clothing,South,1,312.52,0.15,Card,8
12559,1/2/2029,1021,Electronics,North,4,63.24,0.28,Wallet,11
12560,1/3/2029,1409,Electronics,West,2,445.53,0.21,Card,9
12561,1/4/2029,1894,Beauty,North,4,334.7,0.21,Wallet,8
12562,1/5/2029,1514,Clothing,South,6,572.84,0.07,Card,9
12563,1/6/2029,1126,Clothing,North,5,122.13,0.12,Card,4
12564,1/7/2029,1808,Electronics,North,2,369.53,0.3,Card,10
12565,1/8/2029,1699,Electronics,South,5,138.78,0.03,Card,1
12566,1/9/2029,1873,Beauty,North,3,374.23,0.3,Card,7
12567,1/10/2029,1013,Clothing,East,6,437.75,0.17,COD,11
12568,1/11/2029,1970,Clothing,North,2,437.55,0.29,Card,10
12569,1/12/2029,1977,Electronics,North,4,491.82,0.11,Wallet,4
12570,1/13/2029,1011,Home,West,4,514.33,0.12,COD,1
12571,1/14/2029,1086,Beauty,West,2,60.2,0.26,COD,3
12572,1/15/2029,1523,Clothing,South,7,215.81,0.27,Card,7
12573,1/16/2029,1908,Electronics,South,4,416.97,0.08,COD,11
12574,1/17/2029,1536,Clothing,West,7,306.67,0.34,COD,3
12575,1/18/2029,1300,Home,East,2,126.55,0.03,Card,1
12576,1/19/2029,1242,Clothing,North,1,338.34,0.02,Wallet,7
12577,1/20/2029,1121,Beauty,East,4,253.35,0.21,Card,8
12578,1/21/2029,1146,Clothing,East,7,243.17,0.25,Card,5
12579,1/22/2029,1566,Beauty,West,2,488.71,0.34,COD,6
12580,1/23/2029,1749,Clothing,South,2,253.45,0.14,COD,3
12581,1/24/2029,1355,Electronics,North,7,30.48,0.01,Card,5
12582,1/25/2029,1684,Electronics,South,4,48.97,0.21,Wallet,3
12583,1/26/2029,1903,Electronics,East,1,515.9,0.1,COD,2
12584,1/27/2029,1732,Beauty,East,4,576.95,0.15,COD,7
12585,1/28/2029,1630,Home,South,2,417.72,0.17,Card,10
12586,1/29/2029,1308,Home,South,1,228.16,0.02,Wallet,11
12587,1/30/2029,1694,Electronics,West,5,564.08,0.17,Card,7
12588,1/31/2029,1287,Electronics,South,3,402.74,0.15,COD,8
12589,2/1/2029,1306,Home,South,4,508.94,0.25,Card,1
12590,2/2/2029,1811,Clothing,West,6,463.02,0.23,COD,2
12591,2/3/2029,1593,Electronics,South,2,236.8,0.06,Card,2
12592,2/4/2029,1965,Clothing,East,1,295.04,0.07,Card,3
12593,2/5/2029,1913,Electronics,South,7,123.89,0.09,Wallet,7
12594,2/6/2029,1722,Electronics,North,7,185.83,0.06,Card,7
12595,2/7/2029,1661,Clothing,East,7,470.2,0.23,Card,7
12596,2/8/2029,1548,Electronics,West,1,537.98,0.35,COD,1
12597,2/9/2029,1351,Beauty,East,5,438.81,0.23,COD,2
12598,2/10/2029,1311,Electronics,West,4,287.13,0.21,Card,8
12599,2/11/2029,1872,Electronics,North,6,65.61,0.14,Card,9
12600,2/12/2029,1058,Electronics,North,7,48.31,0.11,Wallet,10
12601,2/13/2029,1642,Home,East,1,233.98,0.32,COD,7
12602,2/14/2029,1923,Clothing,South,7,286.34,0.34,Card,1
12603,2/15/2029,1713,Clothing,East,5,371.34,0.17,Wallet,4
12604,2/16/2029,1754,Electronics,East,2,18.8,0.1,COD,10
12605,2/17/2029,1034,Electronics,North,7,593.99,0.27,Card,8
12606,2/18/2029,1444,Clothing,West,5,227.9,0.05,Card,5
12607,2/19/2029,1092,Home,East,4,511.14,0.27,Card,1
12608,2/20/2029,1949,Beauty,South,7,327.96,0.29,Wallet,7
12609,2/21/2029,1958,Electronics,North,5,91.31,0.04,Card,6
12610,2/22/2029,1206,Clothing,East,1,481.58,0.34,Card,9
12611,2/23/2029,1352,Beauty,East,1,430.25,0.34,Wallet,4
12612,2/24/2029,1902,Clothing,South,3,323.55,0.33,Card,4
12613,2/25/2029,1331,Home,East,5,316.01,0.17,COD,8
12614,2/26/2029,1816,Electronics,East,2,66.18,0.09,Card,4
12615,2/27/2029,1861,Beauty,East,7,398.67,0.2,COD,3
12616,2/28/2029,1724,Home,East,6,548.08,0.15,Card,7
12617,3/1/2029,1158,Beauty,South,6,69.55,0.07,Card,5
12618,3/2/2029,1953,Home,East,4,169.15,0.15,COD,9
12619,3/3/2029,1956,Clothing,East,3,542.85,0.23,COD,5
12620,3/4/2029,1023,Beauty,East,5,181.34,0.02,COD,9
12621,3/5/2029,1403,Electronics,North,2,397.56,0.12,COD,6
12622,3/6/2029,1804,Electronics,South,3,327.87,0.01,COD,6
12623,3/7/2029,1515,Home,North,1,363.85,0.26,COD,11
12624,3/8/2029,1731,Home,North,4,258.24,0.22,COD,6
12625,3/9/2029,1363,Beauty,South,7,190.5,0.02,COD,7
12626,3/10/2029,1381,Electronics,North,7,43.39,0.34,COD,11
12627,3/11/2029,1531,Home,North,7,450.4,0.01,COD,4
12628,3/12/2029,1955,Home,North,5,451.46,0.21,Card,4
12629,3/13/2029,1151,Electronics,South,6,407.37,0.27,Card,9
12630,3/14/2029,1561,Clothing,East,2,391.53,0.28,Card,7
12631,3/15/2029,1688,Electronics,West,7,157.57,0.01,Wallet,11
12632,3/16/2029,1946,Electronics,West,7,28.07,0.32,COD,10
12633,3/17/2029,1607,Beauty,South,1,488.1,0.32,COD,6
12634,3/18/2029,1616,Clothing,West,3,302.32,0.2,Card,1
12635,3/19/2029,1419,Home,South,7,194.5,0.17,Card,7
12636,3/20/2029,1249,Beauty,South,4,74.63,0.02,Wallet,6
12637,3/21/2029,1116,Clothing,West,3,51.69,0.2,Wallet,4
12638,3/22/2029,1865,Home,North,6,219.09,0.14,Card,8
12639,3/23/2029,1511,Clothing,East,3,485.77,0.27,COD,7
12640,3/24/2029,1739,Beauty,West,2,552.45,0.14,Card,8
12641,3/25/2029,1577,Electronics,West,1,539.6,0.24,Card,9
12642,3/26/2029,1334,Beauty,West,5,553.2,0.04,COD,1
12643,3/27/2029,1417,Electronics,West,2,546.02,0.05,COD,3
12644,3/28/2029,1931,Electronics,South,6,323.43,0.05,COD,2
12645,3/29/2029,1773,Home,South,4,143.36,0.02,Card,3
12646,3/30/2029,1294,Clothing,East,6,481.86,0.19,Card,11
12647,3/31/2029,1937,Clothing,East,6,140.02,0.28,Card,11
12648,4/1/2029,1754,Clothing,West,3,171.32,0.21,Card,2
12649,4/2/2029,1370,Home,West,4,151.45,0.2,COD,11
12650,4/3/2029,1185,Electronics,West,2,316.26,0.24,Card,6
12651,4/4/2029,1245,Electronics,East,6,203.27,0.12,Card,9
12652,4/5/2029,1636,Electronics,West,2,105.18,0.13,Card,2
12653,4/6/2029,1267,Clothing,North,7,280.11,0.11,COD,4
12654,4/7/2029,1642,Electronics,East,7,526.24,0.25,COD,5
12655,4/8/2029,1236,Clothing,North,7,348.77,0.06,COD,5
12656,4/9/2029,1529,Clothing,West,5,528.83,0,Card,1
12657,4/10/2029,1551,Electronics,South,3,129.59,0.21,Card,6
12658,4/11/2029,1020,Clothing,North,2,112.68,0.33,Card,5
12659,4/12/2029,1910,Beauty,East,7,351.71,0.21,Card,6
12660,4/13/2029,1736,Electronics,North,7,286.05,0.27,Card,4
12661,4/14/2029,1866,Clothing,East,4,401.2,0.24,Card,11
12662,4/15/2029,1793,Home,West,6,479.86,0.17,COD,6
12663,4/16/2029,1519,Clothing,North,7,454.51,0.25,Wallet,9
12664,4/17/2029,1099,Home,South,5,566.22,0.29,Card,1
12665,4/18/2029,1751,Clothing,North,4,247.98,0.08,Wallet,6
12666,4/19/2029,1477,Clothing,South,3,135.74,0.12,Card,1
12667,4/20/2029,1598,Electronics,East,5,337.28,0.08,COD,7
12668,4/21/2029,1297,Home,West,5,79.78,0.16,COD,4
12669,4/22/2029,1939,Home,West,5,183.98,0.31,Wallet,6
12670,4/23/2029,1525,Electronics,South,6,136.61,0.12,Card,7
12671,4/24/2029,1333,Clothing,East,7,246.99,0.13,Card,11
12672,4/25/2029,1001,Beauty,West,1,80.06,0.3,Card,5
12673,4/26/2029,1374,Clothing,East,5,33.63,0.18,Card,9
12674,4/27/2029,1292,Clothing,South,4,399.22,0.19,Wallet,8
12675,4/28/2029,1836,Beauty,South,4,372,0.3,COD,3
12676,4/29/2029,1933,Home,North,3,429.39,0.17,COD,1
12677,4/30/2029,1552,Clothing,West,2,401.33,0.24,COD,11
12678,5/1/2029,1317,Home,West,2,81.86,0.03,Wallet,10
12679,5/2/2029,1501,Beauty,North,1,185.28,0.06,Card,8
12680,5/3/2029,1827,Clothing,South,6,90.77,0.14,Card,4
12681,5/4/2029,1380,Clothing,South,7,508.14,0.17,Wallet,7
12682,5/5/2029,1622,Clothing,South,6,451.94,0.34,Card,4
12683,5/6/2029,1013,Beauty,South,7,132.89,0.34,Card,7
12684,5/7/2029,1503,Home,East,5,214.67,0.3,Card,1
12685,5/8/2029,1230,Electronics,West,7,580.47,0.11,COD,1
12686,5/9/2029,1984,Beauty,West,1,362.58,0.34,COD,2
12687,5/10/2029,1083,Clothing,South,3,483.68,0.24,Card,5
12688,5/11/2029,1129,Electronics,South,3,169.79,0.14,COD,11
12689,5/12/2029,1742,Clothing,South,2,137.88,0.25,COD,10
12690,5/13/2029,1837,Clothing,West,3,473.59,0.01,Wallet,6
12691,5/14/2029,1144,Beauty,West,5,416.24,0.05,COD,2
12692,5/15/2029,1890,Electronics,South,4,413.37,0.29,COD,1
12693,5/16/2029,1856,Home,East,3,338.29,0.23,COD,9
12694,5/17/2029,1027,Clothing,North,1,344.69,0.13,Card,7
12695,5/18/2029,1065,Electronics,North,5,445.38,0.18,Card,8
12696,5/19/2029,1162,Beauty,North,3,172.95,0.32,COD,6
12697,5/20/2029,1228,Clothing,West,6,221.37,0.22,Card,9
12698,5/21/2029,1260,Electronics,West,7,524.91,0.14,Card,8
12699,5/22/2029,1448,Clothing,North,3,195.69,0.04,COD,4
12700,5/23/2029,1423,Beauty,North,6,334.59,0.1,Card,5
12701,5/24/2029,1459,Electronics,East,5,426.04,0.34,Card,2
12702,5/25/2029,1951,Electronics,West,3,599.96,0.15,COD,1
12703,5/26/2029,1675,Electronics,West,6,269.65,0.17,COD,6
12704,5/27/2029,1300,Electronics,North,4,265.43,0.17,Wallet,3
12705,5/28/2029,1918,Home,East,2,507.91,0.31,COD,11
12706,5/29/2029,1302,Clothing,East,5,486.22,0.21,COD,4
12707,5/30/2029,1286,Electronics,North,6,442.68,0.24,Card,1
12708,5/31/2029,1394,Electronics,North,1,285.99,0.14,Card,6
12709,6/1/2029,1009,Electronics,West,3,204.5,0.01,Card,8
12710,6/2/2029,1706,Beauty,North,6,371.11,0.33,COD,10
12711,6/3/2029,1629,Electronics,South,7,527.59,0.33,COD,4
12712,6/4/2029,1269,Beauty,East,6,532.01,0.33,COD,10
12713,6/5/2029,1591,Clothing,North,6,78.47,0.33,COD,8
12714,6/6/2029,1969,Electronics,South,7,265.58,0.29,Card,11
12715,6/7/2029,1604,Beauty,East,2,286.86,0.24,COD,10
12716,6/8/2029,1777,Clothing,South,7,586.9,0.3,Card,3
12717,6/9/2029,1843,Home,South,7,411.63,0.21,Card,11
12718,6/10/2029,1861,Beauty,North,1,253.24,0.05,COD,7
12719,6/11/2029,1360,Electronics,East,7,30.24,0.14,Wallet,3
12720,6/12/2029,1256,Electronics,South,1,345.75,0.34,Wallet,6
12721,6/13/2029,1132,Home,West,4,71.2,0.12,Wallet,4
12722,6/14/2029,1275,Electronics,East,7,503.15,0.3,Card,6
12723,6/15/2029,1775,Electronics,West,2,455.22,0.03,Card,7
12724,6/16/2029,1682,Electronics,North,7,284.4,0.12,Card,8
12725,6/17/2029,1971,Electronics,West,6,266.09,0.12,Card,6
12726,6/18/2029,1512,Home,East,5,539.94,0.02,Card,4
12727,6/19/2029,1312,Electronics,South,2,183.75,0.04,COD,9
12728,6/20/2029,1575,Clothing,South,7,160.68,0.07,COD,7
12729,6/21/2029,1885,Clothing,East,2,564.43,0.29,Wallet,9
12730,6/22/2029,1979,Clothing,South,1,488.41,0.02,Wallet,3
12731,6/23/2029,1283,Electronics,West,4,495.07,0.1,Card,5
12732,6/24/2029,1120,Home,South,4,129.19,0,Wallet,1
12733,6/25/2029,1106,Electronics,South,2,98.83,0.24,COD,11
12734,6/26/2029,1932,Home,West,2,30.23,0.22,COD,8
12735,6/27/2029,1686,Beauty,West,7,153.67,0.23,COD,1
12736,6/28/2029,1996,Clothing,West,3,467.9,0.13,Card,1
12737,6/29/2029,1203,Clothing,North,6,155.42,0.07,Wallet,7
12738,6/30/2029,1164,Clothing,West,1,441.53,0.25,COD,11
12739,7/1/2029,1304,Clothing,West,6,162.37,0.28,Wallet,8
12740,7/2/2029,1496,Beauty,North,5,246.25,0.05,Wallet,3
12741,7/3/2029,1631,Beauty,South,5,590.15,0.17,COD,2
12742,7/4/2029,1555,Electronics,West,4,158.21,0.09,Card,7
12743,7/5/2029,1823,Clothing,East,1,235.18,0.06,Card,10
12744,7/6/2029,1155,Beauty,West,6,191.14,0.26,Card,5
12745,7/7/2029,1366,Beauty,West,4,79.13,0.19,Card,1
12746,7/8/2029,1718,Clothing,North,5,301.59,0.08,Wallet,2
12747,7/9/2029,1901,Clothing,East,2,236.53,0.11,Card,3
12748,7/10/2029,1619,Electronics,South,1,421.51,0.34,Wallet,6
12749,7/11/2029,1250,Beauty,South,1,493.29,0.3,COD,1
12750,7/12/2029,1956,Electronics,East,6,333.39,0.31,Card,8
12751,7/13/2029,1915,Clothing,West,7,33.83,0.16,COD,2
12752,7/14/2029,1881,Electronics,North,3,377.07,0.22,COD,5
12753,7/15/2029,1333,Electronics,East,6,47.4,0.13,COD,8
12754,7/16/2029,1641,Clothing,East,2,375.57,0.03,COD,5
12755,7/17/2029,1968,Beauty,South,7,415.74,0.14,Card,8
12756,7/18/2029,1510,Electronics,North,7,130.69,0.21,COD,6
12757,7/19/2029,1292,Clothing,East,7,494.32,0.1,COD,7
12758,7/20/2029,1019,Electronics,North,2,547.98,0.3,COD,8
12759,7/21/2029,1281,Electronics,West,4,490.66,0.05,Wallet,3
12760,7/22/2029,1796,Clothing,South,1,193.49,0.13,Card,5
12761,7/23/2029,1000,Clothing,West,4,358.19,0.04,Card,10
12762,7/24/2029,1118,Electronics,North,2,550.17,0.14,COD,7
12763,7/25/2029,1034,Electronics,West,3,202.59,0.01,Wallet,9
12764,7/26/2029,1197,Electronics,South,1,494.72,0.1,Card,6
12765,7/27/2029,1484,Electronics,North,2,20.54,0.14,Card,10
12766,7/28/2029,1756,Beauty,East,3,17.13,0.17,Card,1
12767,7/29/2029,1058,Beauty,West,6,459.43,0.19,Card,11
12768,7/30/2029,1836,Electronics,South,5,460.45,0.1,Card,8
12769,7/31/2029,1160,Clothing,East,7,476.55,0.18,Card,6
12770,8/1/2029,1690,Beauty,South,2,559.07,0.18,COD,1
12771,8/2/2029,1205,Electronics,North,5,83.98,0.11,Card,4
12772,8/3/2029,1011,Home,North,4,150.71,0.29,Card,6
12773,8/4/2029,1489,Beauty,West,5,543.68,0.19,Card,10
12774,8/5/2029,1275,Electronics,South,2,118.68,0.12,Wallet,1
12775,8/6/2029,1692,Electronics,South,5,414.1,0.33,COD,10
12776,8/7/2029,1241,Beauty,South,7,325.32,0.3,Wallet,5
12777,8/8/2029,1215,Clothing,North,1,63.67,0.34,COD,3
12778,8/9/2029,1250,Electronics,West,2,181.88,0.24,Card,7
12779,8/10/2029,1810,Electronics,South,3,319.42,0.13,Card,8
12780,8/11/2029,1125,Clothing,South,5,513.62,0.1,COD,3
12781,8/12/2029,1993,Home,East,1,428.91,0.23,COD,10
12782,8/13/2029,1216,Home,South,7,378.8,0.34,COD,3
12783,8/14/2029,1305,Beauty,West,4,305.18,0.22,COD,11
12784,8/15/2029,1796,Electronics,East,4,189.73,0.31,COD,3
12785,8/16/2029,1184,Clothing,East,7,84.76,0.12,Card,11
12786,8/17/2029,1038,Clothing,East,5,254.31,0.14,Wallet,6
12787,8/18/2029,1222,Clothing,North,4,31.68,0.32,COD,6
12788,8/19/2029,1183,Electronics,East,3,138.47,0.26,Card,3
12789,8/20/2029,1494,Beauty,South,2,268,0.34,COD,6
12790,8/21/2029,1426,Beauty,North,1,259.88,0.27,COD,9
12791,8/22/2029,1177,Clothing,North,6,40.91,0.16,Card,11
12792,8/23/2029,1918,Clothing,North,5,359.6,0.19,Card,8
12793,8/24/2029,1427,Electronics,North,4,336.57,0.32,Card,11
12794,8/25/2029,1293,Clothing,North,2,60.69,0.19,Card,7
12795,8/26/2029,1851,Home,North,6,566.75,0.09,Card,7
12796,8/27/2029,1150,Clothing,North,3,73.14,0.15,Card,8
12797,8/28/2029,1383,Beauty,East,4,515.08,0.18,Card,7
12798,8/29/2029,1637,Clothing,West,4,15.18,0.03,Card,3
12799,8/30/2029,1812,Clothing,South,1,531.13,0.26,Wallet,8
12800,8/31/2029,1307,Home,South,3,26.54,0.04,Card,8
12801,9/1/2029,1335,Electronics,East,3,458.32,0.14,Card,1
12802,9/2/2029,1945,Clothing,East,5,226.59,0.28,Card,10
12803,9/3/2029,1745,Electronics,North,6,446.86,0.16,COD,5
12804,9/4/2029,1891,Clothing,West,1,250.02,0.29,Card,5
12805,9/5/2029,1374,Home,North,5,56.48,0.12,Card,1
12806,9/6/2029,1007,Clothing,East,1,463.99,0.34,Card,6
12807,9/7/2029,1340,Home,North,3,56.68,0.07,Wallet,6
12808,9/8/2029,1128,Clothing,South,1,554.44,0.01,COD,4
12809,9/9/2029,1775,Electronics,South,1,44.82,0.31,Card,6
12810,9/10/2029,1668,Home,North,1,295.41,0.26,Card,6
12811,9/11/2029,1351,Electronics,West,2,437.98,0.08,Card,1
12812,9/12/2029,1357,Electronics,North,2,245.05,0.34,Card,5
12813,9/13/2029,1516,Clothing,North,6,142.08,0.18,COD,2
12814,9/14/2029,1494,Electronics,West,6,459.07,0.33,COD,7
12815,9/15/2029,1085,Electronics,West,7,473.81,0.18,COD,9
12816,9/16/2029,1174,Clothing,West,3,554.78,0.17,Card,9
12817,9/17/2029,1801,Clothing,South,1,235.06,0.16,COD,11
12818,9/18/2029,1192,Clothing,North,3,311.16,0.12,Card,9
12819,9/19/2029,1310,Beauty,East,2,227.43,0.19,Card,11
12820,9/20/2029,1118,Clothing,West,1,165.39,0.16,COD,7
12821,9/21/2029,1217,Beauty,West,5,454.35,0.01,Card,7
12822,9/22/2029,1426,Electronics,North,2,213.7,0.09,COD,1
12823,9/23/2029,1969,Clothing,East,2,265.47,0.07,Wallet,11
12824,9/24/2029,1413,Beauty,North,2,251.15,0.3,Card,11
12825,9/25/2029,1113,Clothing,North,7,431.91,0.21,Wallet,6
12826,9/26/2029,1977,Home,West,1,551.91,0.27,Card,5
12827,9/27/2029,1144,Clothing,West,6,405.05,0.33,Card,8
12828,9/28/2029,1537,Electronics,South,4,290.88,0.23,COD,8
12829,9/29/2029,1647,Clothing,East,5,470.83,0.34,COD,11
12830,9/30/2029,1302,Clothing,East,5,389.97,0.11,Card,4
12831,10/1/2029,1743,Beauty,West,3,50.46,0.07,COD,1
12832,10/2/2029,1880,Electronics,West,1,70.96,0.14,Wallet,6
12833,10/3/2029,1587,Beauty,West,6,37.18,0.16,Card,10
12834,10/4/2029,1986,Beauty,East,2,282.24,0.31,Wallet,1
12835,10/5/2029,1839,Electronics,South,4,498.12,0.2,COD,5
12836,10/6/2029,1344,Electronics,East,1,198.15,0.1,Wallet,5
12837,10/7/2029,1813,Beauty,West,1,239.73,0.26,Card,3
12838,10/8/2029,1963,Beauty,West,7,547.04,0.18,COD,5
12839,10/9/2029,1800,Clothing,South,6,504.59,0.06,Card,6
12840,10/10/2029,1000,Electronics,North,4,404.05,0.2,Wallet,5
12841,10/11/2029,1146,Clothing,North,2,171.08,0.32,COD,1
12842,10/12/2029,1286,Home,East,1,83.47,0.29,Card,7
12843,10/13/2029,1975,Electronics,North,5,24.39,0.21,Card,3
12844,10/14/2029,1653,Home,North,5,77.6,0.13,Wallet,7
12845,10/15/2029,1052,Electronics,East,4,186.17,0.03,COD,5
12846,10/16/2029,1303,Electronics,West,2,337.8,0.16,Card,3
12847,10/17/2029,1068,Clothing,North,4,52.44,0.26,Card,11
12848,10/18/2029,1360,Clothing,West,1,94.69,0.13,Wallet,6
12849,10/19/2029,1601,Electronics,East,7,120.93,0.08,Card,1
12850,10/20/2029,1957,Clothing,West,7,384.71,0.33,Card,6
12851,10/21/2029,1219,Electronics,West,5,375.24,0.29,Wallet,4
12852,10/22/2029,1961,Electronics,East,7,337.2,0.22,Card,4
12853,10/23/2029,1703,Electronics,West,3,161.54,0.05,Card,5
12854,10/24/2029,1965,Beauty,North,4,232.11,0.05,Card,9
12855,10/25/2029,1574,Clothing,North,7,71.56,0.04,Wallet,1
12856,10/26/2029,1584,Clothing,North,3,147.48,0.22,Card,3
12857,10/27/2029,1160,Clothing,North,3,540.16,0.04,COD,11
12858,10/28/2029,1680,Beauty,West,6,588.12,0.29,Wallet,4
12859,10/29/2029,1088,Electronics,North,5,393.88,0.35,Card,2
12860,10/30/2029,1687,Home,West,4,551.34,0.13,Wallet,9
12861,10/31/2029,1780,Home,South,3,391,0.16,Card,11
12862,11/1/2029,1584,Clothing,West,1,34.42,0.25,COD,7
12863,11/2/2029,1756,Electronics,North,7,598.11,0.33,Card,1
12864,11/3/2029,1588,Home,South,6,72.89,0.31,COD,9
12865,11/4/2029,1158,Electronics,East,2,414.35,0.02,Card,6
12866,11/5/2029,1488,Clothing,West,7,162.91,0.06,Card,2
12867,11/6/2029,1970,Home,North,7,244.31,0.26,Wallet,1
12868,11/7/2029,1323,Electronics,North,7,392.87,0.24,Card,6
12869,11/8/2029,1609,Home,North,6,270.35,0.05,Wallet,7
12870,11/9/2029,1380,Electronics,East,2,161.57,0.18,Card,10
12871,11/10/2029,1101,Home,South,5,210.65,0.27,Card,6
12872,11/11/2029,1493,Clothing,South,4,214.81,0.08,Wallet,7
12873,11/12/2029,1643,Electronics,North,4,576.2,0.3,Card,6
12874,11/13/2029,1613,Electronics,West,2,482.19,0.02,Wallet,8
12875,11/14/2029,1018,Beauty,North,7,283.25,0.27,COD,2
12876,11/15/2029,1453,Electronics,North,1,131.9,0.22,Card,9
12877,11/16/2029,1481,Electronics,West,2,489.44,0.11,COD,9
12878,11/17/2029,1593,Electronics,North,2,106.95,0.25,Card,11
12879,11/18/2029,1396,Clothing,East,4,138.12,0.27,Card,9
12880,11/19/2029,1278,Clothing,North,3,229.12,0.33,COD,7
12881,11/20/2029,1850,Electronics,East,1,530,0.13,Card,9
12882,11/21/2029,1364,Electronics,North,4,92.1,0.24,Card,1
12883,11/22/2029,1330,Electronics,South,6,86.51,0.21,Wallet,3
12884,11/23/2029,1640,Electronics,West,2,303.98,0.18,Wallet,2
12885,11/24/2029,1343,Clothing,South,3,176.7,0.31,COD,11
12886,11/25/2029,1821,Home,North,1,347.71,0,COD,1
12887,11/26/2029,1454,Electronics,North,5,279.21,0.1,COD,5
12888,11/27/2029,1600,Clothing,East,1,269.45,0.19,COD,1
12889,11/28/2029,1724,Clothing,North,1,80.5,0.06,Card,3
12890,11/29/2029,1654,Beauty,North,7,97.51,0.32,Wallet,6
12891,11/30/2029,1064,Beauty,North,2,495.33,0.23,Card,6
12892,12/1/2029,1075,Home,South,2,533.24,0.17,COD,3
12893,12/2/2029,1710,Electronics,East,5,152.29,0.29,Wallet,4
12894,12/3/2029,1142,Electronics,South,5,81.37,0.16,COD,7
12895,12/4/2029,1916,Electronics,East,5,46.25,0.2,Wallet,6
12896,12/5/2029,1914,Electronics,South,4,370.85,0,Card,11
12897,12/6/2029,1827,Clothing,North,4,433.48,0.13,Card,2
12898,12/7/2029,1604,Home,South,2,233.09,0.05,Wallet,9
12899,12/8/2029,1472,Beauty,South,2,412.61,0.24,Card,6
12900,12/9/2029,1416,Home,East,5,432.08,0.17,COD,2
12901,12/10/2029,1304,Clothing,East,4,562.18,0.11,Card,7
12902,12/11/2029,1735,Home,South,3,52.95,0.16,COD,11
12903,12/12/2029,1496,Electronics,East,4,127.49,0.07,COD,11
12904,12/13/2029,1290,Electronics,East,2,55.09,0.32,Card,10
12905,12/14/2029,1939,Home,East,4,522.78,0.02,COD,10
12906,12/15/2029,1101,Electronics,West,2,478.66,0.3,COD,4
12907,12/16/2029,1985,Clothing,East,5,351.17,0.18,Card,1
12908,12/17/2029,1266,Electronics,West,7,63.94,0.22,COD,10
12909,12/18/2029,1866,Home,West,5,174.89,0.11,COD,9
12910,12/19/2029,1967,Home,East,5,189.17,0.34,Card,11
12911,12/20/2029,1621,Electronics,South,3,343.03,0.1,COD,10
12912,12/21/2029,1973,Home,East,7,165.96,0.21,Card,8
12913,12/22/2029,1841,Electronics,North,3,57.68,0.35,Card,5
12914,12/23/2029,1961,Clothing,South,2,442.5,0.31,COD,3
12915,12/24/2029,1941,Home,West,1,189.96,0.19,COD,4
12916,12/25/2029,1776,Home,West,6,279.64,0.35,Wallet,3
12917,12/26/2029,1002,Beauty,South,3,89.68,0.25,Card,10
12918,12/27/2029,1084,Electronics,South,2,484.49,0.07,Card,8
12919,12/28/2029,1793,Home,East,7,345.84,0.14,Card,5
12920,12/29/2029,1327,Clothing,West,4,542.43,0.12,COD,11
12921,12/30/2029,1815,Beauty,North,7,304.85,0.12,Card,8
12922,12/31/2029,1449,Electronics,East,5,565.73,0.27,COD,1
12923,1/1/2030,1453,Home,South,5,536.74,0.2,Card,9
12924,1/2/2030,1923,Clothing,West,5,352.23,0.01,Wallet,11
12925,1/3/2030,1628,Electronics,South,2,561.33,0.31,COD,10
12926,1/4/2030,1220,Clothing,South,5,204.01,0.1,Wallet,3
12927,1/5/2030,1153,Electronics,South,3,228.9,0.35,Card,1
12928,1/6/2030,1664,Clothing,East,4,41.6,0.33,COD,3
12929,1/7/2030,1011,Beauty,North,5,359.68,0.33,COD,2
12930,1/8/2030,1132,Clothing,North,2,437.33,0.28,COD,7
12931,1/9/2030,1993,Clothing,West,4,467.51,0.08,Card,10
12932,1/10/2030,1303,Clothing,South,5,102.64,0.19,Wallet,4
12933,1/11/2030,1292,Electronics,North,1,274.83,0.08,Card,7
12934,1/12/2030,1974,Electronics,South,5,118.46,0.09,Card,3
12935,1/13/2030,1299,Clothing,West,6,402.34,0.21,COD,6
12936,1/14/2030,1739,Electronics,South,7,107.4,0.01,COD,7
12937,1/15/2030,1782,Electronics,North,3,543.94,0.34,COD,7
12938,1/16/2030,1042,Clothing,South,4,149.92,0.32,Card,5
12939,1/17/2030,1943,Electronics,North,3,185.47,0.13,Card,6
12940,1/18/2030,1342,Electronics,West,1,512.78,0.18,COD,3
12941,1/19/2030,1325,Clothing,South,1,283.2,0.16,Card,4
12942,1/20/2030,1813,Electronics,North,6,29.04,0.31,Wallet,11
12943,1/21/2030,1497,Beauty,West,3,304.33,0.24,Wallet,6
12944,1/22/2030,1363,Beauty,South,4,64.46,0.1,COD,3
12945,1/23/2030,1890,Home,West,1,591.43,0.16,Card,7
12946,1/24/2030,1426,Electronics,North,1,359.05,0.15,Wallet,3
12947,1/25/2030,1020,Home,South,5,165.07,0.34,Card,9
12948,1/26/2030,1406,Home,South,6,344.77,0.06,Card,4
12949,1/27/2030,1618,Home,South,7,59.97,0.03,Card,2
12950,1/28/2030,1335,Electronics,West,2,482.94,0.31,Card,6
12951,1/29/2030,1814,Clothing,West,7,556.32,0.31,Wallet,9
12952,1/30/2030,1116,Home,North,7,526.55,0.31,COD,10
12953,1/31/2030,1123,Clothing,East,1,214.93,0.18,Wallet,10
12954,2/1/2030,1398,Clothing,South,4,205.57,0.23,Card,2
12955,2/2/2030,1792,Clothing,South,4,35.53,0.2,COD,4
12956,2/3/2030,1803,Clothing,North,5,396.07,0.02,Wallet,5
12957,2/4/2030,1714,Electronics,South,4,327.92,0.21,Wallet,9
12958,2/5/2030,1050,Clothing,West,5,283.72,0,COD,7
12959,2/6/2030,1782,Electronics,West,1,545.96,0.11,Card,5
12960,2/7/2030,1323,Clothing,South,1,113.21,0.33,COD,6
12961,2/8/2030,1788,Electronics,South,7,20.65,0.11,Card,9
12962,2/9/2030,1140,Clothing,West,1,57.89,0.33,COD,4
12963,2/10/2030,1469,Electronics,South,1,145.67,0.09,COD,2
12964,2/11/2030,1786,Home,West,2,34.47,0.11,COD,5
12965,2/12/2030,1801,Home,East,6,309.16,0.22,COD,7
12966,2/13/2030,1333,Electronics,East,7,198.74,0.27,COD,4
12967,2/14/2030,1892,Electronics,South,7,120.58,0.18,Card,1
12968,2/15/2030,1963,Electronics,South,6,453.8,0.31,COD,8
12969,2/16/2030,1372,Beauty,South,2,134.6,0.01,COD,5
12970,2/17/2030,1563,Clothing,West,1,417.25,0.32,Card,10
12971,2/18/2030,1493,Clothing,East,4,219.32,0.07,Card,2
12972,2/19/2030,1538,Electronics,East,5,314.42,0.31,Card,3
12973,2/20/2030,1668,Clothing,North,7,561.31,0.14,Card,10
12974,2/21/2030,1750,Beauty,North,6,36.85,0.29,Wallet,10
12975,2/22/2030,1155,Home,South,3,307.65,0.24,Card,5
12976,2/23/2030,1290,Clothing,West,5,514.84,0.06,COD,11
12977,2/24/2030,1647,Electronics,South,3,358.96,0.32,COD,4
12978,2/25/2030,1143,Electronics,East,3,176.97,0.09,Card,9
12979,2/26/2030,1105,Electronics,South,7,247.64,0.09,Wallet,9
12980,2/27/2030,1419,Electronics,South,1,412.96,0.28,Card,8
12981,2/28/2030,1669,Electronics,East,3,536.12,0.04,Wallet,2
12982,3/1/2030,1657,Electronics,East,1,39.02,0.08,Card,5
12983,3/2/2030,1001,Clothing,East,2,56.85,0.18,Card,8
12984,3/3/2030,1944,Beauty,East,4,205.16,0.29,Card,8
12985,3/4/2030,1588,Clothing,North,3,151.18,0.05,Card,7
12986,3/5/2030,1643,Home,West,7,169.98,0.19,Wallet,4
12987,3/6/2030,1089,Home,West,4,144.44,0.25,Card,3
12988,3/7/2030,1344,Electronics,East,1,129.56,0.3,COD,8
12989,3/8/2030,1349,Home,West,3,91.42,0.33,Card,8
12990,3/9/2030,1458,Electronics,West,5,561.36,0.27,Wallet,10
12991,3/10/2030,1262,Clothing,West,7,99.35,0.23,COD,5
12992,3/11/2030,1350,Electronics,West,2,134.58,0.15,COD,3
12993,3/12/2030,1107,Beauty,East,6,159.07,0.04,Card,5
12994,3/13/2030,1585,Electronics,South,2,560.81,0.25,COD,4
12995,3/14/2030,1038,Electronics,South,3,457.09,0.35,Card,8
12996,3/15/2030,1908,Beauty,South,7,476.97,0.26,Card,2
12997,3/16/2030,1158,Electronics,North,2,76.28,0.01,COD,11
12998,3/17/2030,1582,Home,West,6,504.24,0.17,Wallet,8
12999,3/18/2030,1958,Home,East,5,253.79,0.22,Wallet,10
13000,3/19/2030,1311,Home,East,4,168.75,0.24,COD,6
13001,3/20/2030,1240,Beauty,North,5,351.81,0.25,COD,4
13002,3/21/2030,1937,Beauty,East,2,495.98,0.2,Wallet,11
13003,3/22/2030,1444,Electronics,South,6,470.51,0.08,COD,3
13004,3/23/2030,1297,Home,North,4,535.65,0.33,Card,10
13005,3/24/2030,1951,Clothing,East,7,557.96,0.24,Wallet,5
13006,3/25/2030,1035,Clothing,North,6,154.3,0.08,Card,6
13007,3/26/2030,1083,Electronics,North,5,262.96,0.11,Card,1
13008,3/27/2030,1451,Home,East,1,23.56,0.32,COD,1
13009,3/28/2030,1885,Beauty,South,1,529.4,0.31,Card,11
13010,3/29/2030,1774,Beauty,East,4,105.42,0.14,Card,10
13011,3/30/2030,1821,Clothing,West,4,518.96,0.01,Card,3
13012,3/31/2030,1384,Electronics,West,4,207.69,0.02,COD,2
13013,4/1/2030,1171,Clothing,East,1,230.36,0.1,Wallet,1
13014,4/2/2030,1375,Home,South,5,37.89,0.22,Card,11
13015,4/3/2030,1684,Home,West,4,206.22,0.2,Card,8
13016,4/4/2030,1361,Clothing,West,1,534.69,0.22,Card,1
13017,4/5/2030,1558,Electronics,East,4,29.95,0.25,COD,10
13018,4/6/2030,1890,Clothing,East,4,252.7,0.01,COD,8
13019,4/7/2030,1140,Clothing,East,6,33.37,0.04,COD,5
13020,4/8/2030,1886,Beauty,North,4,231.99,0.13,Card,4
13021,4/9/2030,1917,Clothing,North,1,115.99,0.05,COD,8
13022,4/10/2030,1117,Electronics,North,5,162.55,0.03,COD,8
13023,4/11/2030,1276,Clothing,East,1,528.4,0.22,Card,11
13024,4/12/2030,1725,Electronics,South,1,270.09,0.29,Card,8
13025,4/13/2030,1219,Beauty,West,4,175.17,0.26,Card,3
13026,4/14/2030,1904,Clothing,North,6,359.76,0.29,Wallet,8
13027,4/15/2030,1025,Clothing,South,3,98.13,0.23,Wallet,1
13028,4/16/2030,1520,Clothing,East,7,166.74,0.26,COD,4
13029,4/17/2030,1782,Home,North,3,334.56,0.1,Wallet,5
13030,4/18/2030,1009,Home,East,3,153.95,0.35,COD,6
13031,4/19/2030,1983,Home,South,1,412.29,0.06,Wallet,5
13032,4/20/2030,1377,Electronics,North,4,302.52,0.08,Card,5
13033,4/21/2030,1632,Electronics,North,7,466.61,0.1,COD,5
13034,4/22/2030,1636,Electronics,North,3,569.72,0.34,COD,9
13035,4/23/2030,1681,Home,North,2,82.75,0.35,COD,10
13036,4/24/2030,1583,Electronics,South,2,210.78,0.28,Card,10
13037,4/25/2030,1151,Clothing,North,2,201.94,0.22,Card,3
13038,4/26/2030,1719,Beauty,West,5,103.44,0.18,Card,2
13039,4/27/2030,1048,Beauty,West,4,489.03,0.34,Card,10
13040,4/28/2030,1153,Clothing,East,1,459.53,0.24,Card,2
13041,4/29/2030,1858,Clothing,North,1,298.39,0.33,COD,8
13042,4/30/2030,1292,Electronics,West,4,329.6,0.11,Wallet,5
13043,5/1/2030,1579,Home,West,6,49.83,0.12,COD,5
13044,5/2/2030,1049,Home,West,7,339.97,0.3,Wallet,6
13045,5/3/2030,1663,Electronics,South,6,477.93,0.05,Wallet,9
13046,5/4/2030,1530,Clothing,North,5,350.69,0.33,Card,7
13047,5/5/2030,1611,Home,South,4,170.2,0.18,Card,5
13048,5/6/2030,1059,Beauty,South,6,405.52,0.32,Card,5
13049,5/7/2030,1166,Electronics,West,7,226.47,0.12,Wallet,10
13050,5/8/2030,1201,Clothing,West,5,333.75,0.25,Card,9
13051,5/9/2030,1856,Electronics,East,3,300.23,0.17,COD,9
13052,5/10/2030,1145,Electronics,North,3,237.99,0.22,Card,2
13053,5/11/2030,1914,Beauty,North,5,435.54,0.18,Wallet,7
13054,5/12/2030,1675,Home,West,4,532.07,0.34,Card,10
13055,5/13/2030,1969,Home,West,3,18.05,0.24,Wallet,1
13056,5/14/2030,1992,Electronics,North,4,561.17,0.09,Card,4
13057,5/15/2030,1438,Home,East,6,314.24,0.32,Card,2
13058,5/16/2030,1241,Clothing,West,3,424.93,0.1,COD,10
13059,5/17/2030,1580,Electronics,East,7,515.54,0.13,Wallet,9
13060,5/18/2030,1686,Clothing,South,7,288.26,0.04,COD,6
13061,5/19/2030,1560,Electronics,West,6,503.46,0.31,Wallet,4
13062,5/20/2030,1482,Home,South,7,118.91,0.1,COD,3
13063,5/21/2030,1107,Clothing,West,4,108.11,0.09,COD,4
13064,5/22/2030,1225,Electronics,South,4,399.62,0.32,Card,2
13065,5/23/2030,1672,Electronics,West,7,524.03,0.28,Card,5
13066,5/24/2030,1630,Electronics,East,2,537.07,0.05,Card,9
13067,5/25/2030,1660,Electronics,East,5,391.59,0.27,Wallet,6
13068,5/26/2030,1976,Clothing,East,1,322.41,0.32,Wallet,2
13069,5/27/2030,1661,Home,South,5,208.86,0.03,COD,6
13070,5/28/2030,1431,Electronics,East,7,588.3,0.29,Card,9
13071,5/29/2030,1804,Electronics,South,4,202.02,0.19,Card,4
13072,5/30/2030,1654,Clothing,West,4,450.35,0.23,Wallet,1
13073,5/31/2030,1418,Home,South,5,326.21,0.17,Card,2
13074,6/1/2030,1987,Electronics,West,4,370.98,0.24,Wallet,5
13075,6/2/2030,1454,Electronics,North,6,245.19,0.01,Card,10
13076,6/3/2030,1159,Clothing,North,3,579.42,0.27,Card,7
13077,6/4/2030,1522,Electronics,North,4,349.43,0.01,Wallet,8
13078,6/5/2030,1649,Electronics,South,7,563.61,0.16,Card,3
13079,6/6/2030,1968,Home,North,7,19.44,0.05,Card,9
13080,6/7/2030,1589,Clothing,North,5,350.01,0.29,Wallet,2
13081,6/8/2030,1076,Clothing,North,5,434.55,0.11,COD,4
13082,6/9/2030,1508,Home,West,5,450.87,0.16,COD,4
13083,6/10/2030,1440,Home,East,7,544.41,0.15,COD,6
13084,6/11/2030,1253,Electronics,South,2,17.57,0.27,Card,10
13085,6/12/2030,1920,Clothing,North,7,15.19,0.17,Card,6
13086,6/13/2030,1769,Electronics,West,6,291.27,0.28,COD,3
13087,6/14/2030,1319,Electronics,East,7,32.14,0.03,Card,9
13088,6/15/2030,1802,Home,East,6,585.1,0.07,Card,11
13089,6/16/2030,1262,Beauty,East,7,144.91,0.19,COD,5
13090,6/17/2030,1596,Beauty,West,7,291.51,0.33,Card,2
13091,6/18/2030,1657,Clothing,North,2,50.77,0.03,COD,6
13092,6/19/2030,1834,Electronics,East,6,320.4,0.02,Card,3
13093,6/20/2030,1553,Electronics,West,2,237.27,0.05,Card,8
13094,6/21/2030,1373,Home,West,6,41.13,0.22,Card,3
13095,6/22/2030,1636,Clothing,South,2,211.05,0.14,Wallet,5
13096,6/23/2030,1166,Clothing,West,2,243.99,0.29,Card,4
13097,6/24/2030,1936,Home,East,6,594.1,0.03,COD,4
13098,6/25/2030,1752,Home,East,2,136.61,0.07,COD,2
13099,6/26/2030,1458,Home,West,7,333.7,0.11,Card,8
13100,6/27/2030,1998,Electronics,East,6,592.58,0.22,COD,3
13101,6/28/2030,1279,Home,West,2,478.33,0.24,Wallet,4
13102,6/29/2030,1699,Beauty,East,7,596.12,0.04,COD,6
13103,6/30/2030,1301,Electronics,South,7,581.45,0.33,Card,9
13104,7/1/2030,1530,Clothing,North,5,301.38,0.12,COD,4
13105,7/2/2030,1579,Electronics,South,1,422.38,0.25,COD,3
13106,7/3/2030,1217,Beauty,South,6,79.61,0.18,Card,5
13107,7/4/2030,1101,Electronics,North,2,273.07,0.08,Card,9
13108,7/5/2030,1553,Clothing,East,5,488.28,0.3,Card,1
13109,7/6/2030,1287,Electronics,North,1,310.62,0.29,Card,5
13110,7/7/2030,1166,Home,West,2,426.08,0.14,Card,11
13111,7/8/2030,1620,Electronics,North,1,451.26,0.21,COD,4
13112,7/9/2030,1035,Electronics,South,6,163.28,0.09,Card,5
13113,7/10/2030,1743,Clothing,North,7,527.28,0.24,Wallet,7
13114,7/11/2030,1740,Beauty,East,7,284,0.11,COD,7
13115,7/12/2030,1352,Electronics,South,1,137.96,0.3,Wallet,7
13116,7/13/2030,1675,Electronics,West,7,521.27,0.08,COD,1
13117,7/14/2030,1898,Home,East,3,259.42,0.01,Card,9
13118,7/15/2030,1072,Clothing,South,4,453.93,0.09,COD,7
13119,7/16/2030,1647,Beauty,West,7,335.6,0.07,Wallet,4
13120,7/17/2030,1352,Electronics,East,3,238.39,0.18,Card,4
13121,7/18/2030,1890,Clothing,West,6,488.78,0.07,Card,2
13122,7/19/2030,1069,Electronics,North,6,356.91,0.27,Card,6
13123,7/20/2030,1424,Electronics,North,1,243.48,0.08,Card,10
13124,7/21/2030,1998,Home,West,7,79.11,0.25,Card,3
13125,7/22/2030,1707,Clothing,North,7,538.84,0.2,Card,1
13126,7/23/2030,1780,Home,West,7,35.75,0.35,Card,5
13127,7/24/2030,1560,Electronics,East,5,519.96,0.35,COD,6
13128,7/25/2030,1827,Clothing,South,2,225.58,0.3,Card,11
13129,7/26/2030,1641,Clothing,West,4,389.01,0.27,COD,5
13130,7/27/2030,1955,Beauty,South,7,554.49,0.14,COD,5
13131,7/28/2030,1516,Electronics,South,2,103.75,0.26,COD,10
13132,7/29/2030,1427,Electronics,West,5,346.67,0.33,Card,11
13133,7/30/2030,1538,Clothing,North,6,462.19,0.01,COD,8
13134,7/31/2030,1159,Clothing,East,4,458.19,0.19,Card,10
13135,8/1/2030,1148,Electronics,South,3,322.49,0.08,Card,1
13136,8/2/2030,1775,Beauty,East,6,380.47,0.2,COD,8
13137,8/3/2030,1229,Electronics,South,6,458.15,0.16,Card,11
13138,8/4/2030,1711,Beauty,West,1,507,0.2,Card,7
13139,8/5/2030,1561,Electronics,North,5,460.66,0.19,Card,1
13140,8/6/2030,1066,Home,East,1,222.09,0.34,Card,9
13141,8/7/2030,1811,Beauty,South,1,598.08,0.19,Card,4
13142,8/8/2030,1380,Electronics,West,2,269.18,0.3,Wallet,7
13143,8/9/2030,1057,Beauty,West,6,29.31,0.11,Card,3
13144,8/10/2030,1258,Clothing,South,5,227.13,0.15,COD,8
13145,8/11/2030,1341,Beauty,South,1,89.75,0.16,COD,4
13146,8/12/2030,1837,Home,South,3,86.04,0.1,COD,2
13147,8/13/2030,1129,Electronics,North,4,179.7,0.13,Wallet,2
13148,8/14/2030,1726,Electronics,South,7,46.22,0.21,Wallet,8
13149,8/15/2030,1171,Electronics,South,5,417.78,0.2,COD,8
13150,8/16/2030,1769,Electronics,North,2,58.28,0.22,Wallet,1
13151,8/17/2030,1613,Electronics,West,5,133.92,0.12,Card,6
13152,8/18/2030,1208,Electronics,South,6,69.35,0.11,COD,9
13153,8/19/2030,1802,Clothing,East,2,51.95,0.21,Wallet,9
13154,8/20/2030,1353,Home,West,4,171.63,0.05,COD,2
13155,8/21/2030,1470,Electronics,East,3,349.56,0.09,Wallet,8
13156,8/22/2030,1797,Electronics,South,1,579.34,0.01,Card,8
13157,8/23/2030,1115,Clothing,North,5,527.2,0.03,Card,4
13158,8/24/2030,1263,Electronics,North,2,527.42,0.09,Wallet,4
13159,8/25/2030,1661,Electronics,North,4,118,0.01,Card,5
13160,8/26/2030,1811,Electronics,South,1,169.97,0.09,COD,11
13161,8/27/2030,1441,Beauty,South,7,59.69,0.23,Card,10
13162,8/28/2030,1547,Home,East,4,470.4,0.02,COD,7
13163,8/29/2030,1452,Clothing,North,3,55.84,0.15,Wallet,1
13164,8/30/2030,1844,Home,South,1,340.67,0.32,Card,11
13165,8/31/2030,1476,Clothing,West,1,160.01,0.28,Card,9
13166,9/1/2030,1286,Home,South,7,157.42,0.11,Card,3
13167,9/2/2030,1302,Home,South,1,594.57,0.32,Wallet,11
13168,9/3/2030,1310,Clothing,West,2,457.72,0.12,COD,4
13169,9/4/2030,1207,Electronics,North,1,504.61,0.03,Card,7
13170,9/5/2030,1617,Electronics,West,4,349.61,0.35,Card,5
13171,9/6/2030,1445,Clothing,North,2,524.54,0.3,Wallet,5
13172,9/7/2030,1669,Beauty,West,1,392.61,0.16,Wallet,1
13173,9/8/2030,1632,Clothing,East,4,568.51,0.23,Card,2
13174,9/9/2030,1054,Home,North,4,179.58,0.23,Card,5
13175,9/10/2030,1911,Beauty,South,5,363.26,0.07,COD,2
13176,9/11/2030,1011,Electronics,East,4,418.73,0.07,COD,1
13177,9/12/2030,1656,Home,North,7,244.87,0.16,Wallet,10
13178,9/13/2030,1399,Home,North,6,529.63,0.32,COD,3
13179,9/14/2030,1907,Beauty,North,3,588.18,0,COD,11
13180,9/15/2030,1647,Beauty,West,1,303.86,0.27,COD,1
13181,9/16/2030,1979,Home,North,7,243.52,0.02,Wallet,10
13182,9/17/2030,1514,Electronics,South,1,291.08,0.17,Card,8
13183,9/18/2030,1655,Home,North,1,513.85,0.22,Card,8
13184,9/19/2030,1541,Electronics,South,4,392.6,0.24,Card,8
13185,9/20/2030,1236,Home,South,4,41.19,0.02,Wallet,7
13186,9/21/2030,1278,Beauty,South,1,332.17,0.15,COD,7
13187,9/22/2030,1347,Clothing,East,6,25.12,0.2,Card,2
13188,9/23/2030,1626,Clothing,South,2,470.44,0.02,COD,9
13189,9/24/2030,1103,Clothing,West,2,207.06,0.05,Card,7
13190,9/25/2030,1629,Clothing,North,3,291.12,0.23,Card,5
13191,9/26/2030,1516,Electronics,West,5,482.23,0.18,Card,4
13192,9/27/2030,1979,Home,East,7,42.17,0.06,COD,8
13193,9/28/2030,1871,Beauty,North,3,107.75,0.19,COD,5
13194,9/29/2030,1247,Beauty,South,1,247.81,0.32,Wallet,6
13195,9/30/2030,1363,Electronics,North,7,149.51,0.01,Wallet,4
13196,10/1/2030,1320,Beauty,East,1,212.67,0.22,Card,2
13197,10/2/2030,1632,Home,East,1,598.93,0.03,COD,7
13198,10/3/2030,1285,Electronics,West,5,497.87,0,Card,2
13199,10/4/2030,1148,Electronics,North,4,532.08,0.05,Card,11
13200,10/5/2030,1083,Electronics,North,5,563.18,0.15,Card,7
13201,10/6/2030,1965,Beauty,North,3,214.45,0.28,Card,7
13202,10/7/2030,1405,Clothing,West,4,188.79,0.1,Card,1
13203,10/8/2030,1977,Home,East,4,151.93,0.22,Card,10
13204,10/9/2030,1455,Electronics,South,3,500.62,0.14,COD,10
13205,10/10/2030,1742,Home,North,4,412.54,0.08,Card,3
13206,10/11/2030,1799,Electronics,West,7,153.16,0.18,COD,3
13207,10/12/2030,1160,Clothing,West,2,235.54,0.28,Card,11
13208,10/13/2030,1783,Clothing,South,3,311.43,0.29,Card,6
13209,10/14/2030,1459,Electronics,East,3,323.96,0.3,Card,11
13210,10/15/2030,1549,Home,North,2,534.91,0.12,Card,3
13211,10/16/2030,1499,Electronics,North,5,237.63,0.28,Card,9
13212,10/17/2030,1737,Home,West,5,546.49,0.07,COD,5
13213,10/18/2030,1508,Clothing,East,5,273.2,0.26,COD,6
13214,10/19/2030,1653,Clothing,North,4,451.63,0.33,Card,6
13215,10/20/2030,1803,Electronics,South,2,559.2,0,Card,8
13216,10/21/2030,1480,Electronics,East,7,545.93,0.15,Wallet,10
13217,10/22/2030,1662,Beauty,East,3,48.32,0.23,Card,11
13218,10/23/2030,1113,Electronics,West,3,135.34,0.25,Card,3
13219,10/24/2030,1748,Home,West,3,293.99,0.06,COD,9
13220,10/25/2030,1577,Beauty,North,4,267.46,0.34,COD,7
13221,10/26/2030,1360,Electronics,West,4,389.92,0.22,COD,11
13222,10/27/2030,1340,Electronics,East,6,567.65,0.06,COD,6
13223,10/28/2030,1769,Home,North,7,80.76,0.01,Card,11
13224,10/29/2030,1986,Beauty,North,5,279.34,0.27,Card,1
13225,10/30/2030,1760,Beauty,East,6,127.56,0.03,Card,4
13226,10/31/2030,1968,Clothing,North,6,538.05,0.05,COD,5
13227,11/1/2030,1448,Home,South,4,579.28,0.2,Wallet,2
13228,11/2/2030,1842,Electronics,South,5,295.04,0.21,Card,1
13229,11/3/2030,1834,Beauty,North,5,75.85,0.24,Card,2
13230,11/4/2030,1179,Beauty,West,3,474.4,0.14,Card,8
13231,11/5/2030,1701,Electronics,South,4,422.83,0.27,Card,10
13232,11/6/2030,1406,Electronics,North,5,222.48,0.34,Card,6
13233,11/7/2030,1665,Electronics,South,6,534.13,0.09,COD,10
13234,11/8/2030,1195,Electronics,West,2,585.86,0.25,Wallet,2
13235,11/9/2030,1465,Home,East,2,341.34,0.32,Card,9
13236,11/10/2030,1310,Clothing,North,4,345.95,0.24,Card,8
13237,11/11/2030,1261,Electronics,North,3,189.05,0.24,Card,4
13238,11/12/2030,1418,Electronics,North,3,356.94,0.08,Card,11
13239,11/13/2030,1405,Beauty,North,5,272.19,0.19,Card,10
13240,11/14/2030,1938,Clothing,North,7,191.78,0.2,COD,7
13241,11/15/2030,1142,Clothing,North,4,54.3,0.25,Card,3
13242,11/16/2030,1341,Electronics,West,7,162.83,0.35,Wallet,6
13243,11/17/2030,1315,Beauty,East,2,130.74,0.01,COD,3
13244,11/18/2030,1100,Home,West,6,332.09,0.02,COD,10
13245,11/19/2030,1243,Electronics,West,5,366.98,0.03,Card,3
13246,11/20/2030,1489,Electronics,East,6,371.01,0.26,COD,11
13247,11/21/2030,1011,Electronics,West,7,242.09,0.05,COD,9
13248,11/22/2030,1238,Electronics,South,5,261.42,0.22,Card,6
13249,11/23/2030,1560,Clothing,West,1,503.03,0.11,Card,8
13250,11/24/2030,1041,Beauty,North,6,293.6,0.16,Wallet,4
13251,11/25/2030,1677,Clothing,South,4,592.85,0.08,Card,4
13252,11/26/2030,1593,Home,South,6,272.18,0.3,Card,8
13253,11/27/2030,1428,Clothing,East,6,395,0.21,Card,7
13254,11/28/2030,1802,Home,West,5,44.46,0.33,Card,5
13255,11/29/2030,1157,Home,West,2,397.2,0.2,Card,2
13256,11/30/2030,1215,Electronics,South,7,513.08,0.04,Card,6
13257,12/1/2030,1669,Clothing,West,1,566.34,0.06,COD,1
13258,12/2/2030,1461,Clothing,West,6,598.43,0.35,Card,7
13259,12/3/2030,1133,Electronics,East,7,180.07,0.25,COD,9
13260,12/4/2030,1066,Clothing,South,7,351.59,0.02,COD,5
13261,12/5/2030,1847,Clothing,North,2,278.67,0.25,Card,5
13262,12/6/2030,1006,Beauty,South,3,344.83,0.14,COD,7
13263,12/7/2030,1947,Clothing,East,1,107.11,0.11,COD,5
13264,12/8/2030,1525,Home,East,1,515.85,0.05,COD,10
13265,12/9/2030,1072,Clothing,East,7,547.1,0.29,COD,4
13266,12/10/2030,1398,Home,West,5,278.05,0.02,COD,1
13267,12/11/2030,1404,Clothing,South,6,179.05,0.1,Card,6
13268,12/12/2030,1674,Beauty,West,3,97.39,0.11,COD,9
13269,12/13/2030,1577,Clothing,West,5,415,0.06,Card,4
13270,12/14/2030,1858,Clothing,South,4,197.66,0.18,COD,10
13271,12/15/2030,1129,Clothing,East,2,547.08,0,Card,11
13272,12/16/2030,1930,Clothing,North,2,407.54,0.11,Wallet,4
13273,12/17/2030,1465,Electronics,North,5,392.73,0.33,COD,5
13274,12/18/2030,1205,Electronics,South,7,342.25,0.11,COD,6
13275,12/19/2030,1787,Electronics,South,2,41.78,0.13,COD,3
13276,12/20/2030,1977,Beauty,East,6,560.17,0.17,Wallet,9
13277,12/21/2030,1767,Electronics,South,2,382.34,0.2,COD,1
13278,12/22/2030,1265,Electronics,South,6,596.53,0.28,Card,11
13279,12/23/2030,1536,Home,East,4,329.35,0.07,Wallet,6
13280,12/24/2030,1961,Electronics,East,3,430.41,0.31,COD,6
13281,12/25/2030,1792,Clothing,West,1,47.88,0.27,COD,8
13282,12/26/2030,1252,Electronics,South,5,384.57,0.25,Wallet,5
13283,12/27/2030,1821,Beauty,North,5,462.32,0.03,Card,9
13284,12/28/2030,1288,Beauty,South,6,470.43,0.01,Card,9
13285,12/29/2030,1163,Beauty,North,4,465.52,0.21,COD,2
13286,12/30/2030,1094,Clothing,North,4,147.38,0.3,COD,5
13287,12/31/2030,1781,Home,North,7,585.61,0.2,Card,7
13288,1/1/2031,1832,Electronics,West,1,597.18,0.07,COD,2
13289,1/2/2031,1109,Electronics,East,3,59.22,0.03,COD,7
13290,1/3/2031,1335,Electronics,East,5,562.82,0.24,COD,9
13291,1/4/2031,1821,Clothing,West,6,184.33,0.25,Wallet,8
13292,1/5/2031,1237,Clothing,East,4,418.23,0.06,Card,10
13293,1/6/2031,1380,Clothing,West,5,212.79,0.01,COD,9
13294,1/7/2031,1435,Electronics,South,6,581.14,0.14,COD,4
13295,1/8/2031,1898,Clothing,West,2,74.38,0.2,Card,8
13296,1/9/2031,1482,Home,East,5,306.18,0.25,Card,9
13297,1/10/2031,1936,Clothing,East,3,265.41,0.28,Card,10
13298,1/11/2031,1901,Home,South,6,205.72,0.21,COD,2
13299,1/12/2031,1024,Electronics,West,3,392.64,0.04,Card,10
13300,1/13/2031,1652,Home,South,5,91.67,0.24,Card,3
13301,1/14/2031,1116,Clothing,North,2,434.25,0.34,Card,1
13302,1/15/2031,1481,Electronics,West,3,588.65,0.32,COD,1
13303,1/16/2031,1391,Electronics,South,4,485.67,0.31,COD,10
13304,1/17/2031,1916,Clothing,South,6,518.11,0.11,COD,6
13305,1/18/2031,1993,Home,East,5,225.39,0.26,Card,1
13306,1/19/2031,1963,Clothing,West,2,205.06,0.3,COD,5
13307,1/20/2031,1536,Electronics,North,4,317.47,0.24,COD,6
13308,1/21/2031,1078,Beauty,North,5,41.75,0.09,Card,9
13309,1/22/2031,1579,Home,West,7,568.03,0.33,Card,6
13310,1/23/2031,1172,Clothing,West,2,99.11,0.16,Wallet,4
13311,1/24/2031,1955,Clothing,South,4,543.26,0.05,COD,1
13312,1/25/2031,1011,Electronics,East,3,63.9,0.04,COD,6
13313,1/26/2031,1799,Clothing,East,5,496.24,0.23,Card,7
13314,1/27/2031,1127,Clothing,East,5,103.9,0.15,Wallet,5
13315,1/28/2031,1607,Beauty,West,3,37.31,0.03,COD,6
13316,1/29/2031,1091,Clothing,East,7,435.9,0.26,Wallet,10
13317,1/30/2031,1652,Clothing,South,1,178.96,0.28,Wallet,8
13318,1/31/2031,1542,Clothing,West,4,432.98,0.25,Wallet,1
13319,2/1/2031,1845,Beauty,West,3,339.72,0.07,Wallet,8
13320,2/2/2031,1531,Home,East,5,78.65,0.24,Card,11
13321,2/3/2031,1657,Clothing,North,4,560.3,0,Wallet,2
13322,2/4/2031,1988,Home,North,7,279.6,0.11,Card,2
13323,2/5/2031,1827,Clothing,South,4,444.65,0.14,Wallet,8
13324,2/6/2031,1446,Clothing,East,1,308.1,0.29,Card,2
13325,2/7/2031,1389,Electronics,East,5,368.55,0.14,COD,8
13326,2/8/2031,1671,Clothing,West,2,192.12,0,Card,5
13327,2/9/2031,1860,Electronics,West,1,132.21,0.12,COD,9
13328,2/10/2031,1042,Beauty,East,1,332.4,0.17,Card,9
13329,2/11/2031,1253,Electronics,West,2,272.53,0.33,Card,8
13330,2/12/2031,1129,Beauty,East,2,243.22,0.33,Wallet,9
13331,2/13/2031,1059,Clothing,South,7,408.45,0.06,COD,7
13332,2/14/2031,1662,Clothing,West,7,418.95,0.06,Card,8
13333,2/15/2031,1466,Clothing,East,1,41.86,0.06,Card,6
13334,2/16/2031,1286,Electronics,West,4,213.17,0.28,Card,9
13335,2/17/2031,1516,Clothing,South,3,255.88,0,COD,2
13336,2/18/2031,1466,Electronics,West,3,71.68,0.04,Wallet,3
13337,2/19/2031,1929,Clothing,East,1,153,0.19,COD,2
13338,2/20/2031,1777,Clothing,West,4,45.21,0.09,Card,6
13339,2/21/2031,1344,Home,West,2,597.8,0.03,Card,3
13340,2/22/2031,1641,Electronics,East,6,445.89,0.13,Wallet,11
13341,2/23/2031,1381,Electronics,North,1,66.16,0.1,Card,1
13342,2/24/2031,1778,Clothing,West,5,26.85,0.18,COD,4
13343,2/25/2031,1689,Beauty,West,4,435.78,0.34,Card,5
13344,2/26/2031,1252,Home,South,5,271.93,0.04,COD,11
13345,2/27/2031,1926,Clothing,North,5,475.28,0.13,Wallet,4
13346,2/28/2031,1055,Clothing,South,1,555.23,0.33,Card,6
13347,3/1/2031,1462,Electronics,East,4,365.59,0.31,COD,3
13348,3/2/2031,1456,Beauty,East,5,124.46,0.14,COD,10
13349,3/3/2031,1982,Home,South,7,472.58,0.24,Card,6
13350,3/4/2031,1082,Electronics,West,7,574.15,0.03,Card,10
13351,3/5/2031,1904,Clothing,North,4,354.44,0.25,COD,1
13352,3/6/2031,1098,Electronics,South,3,413.97,0.34,Card,6
13353,3/7/2031,1148,Beauty,South,6,212.42,0.19,Wallet,8
13354,3/8/2031,1328,Electronics,East,5,238.19,0.17,Card,10
13355,3/9/2031,1155,Clothing,West,5,444.77,0.07,Card,8
13356,3/10/2031,1189,Electronics,North,4,557.75,0.22,Card,1
13357,3/11/2031,1493,Home,South,7,382.96,0.21,Card,7
13358,3/12/2031,1882,Home,North,6,477.06,0.23,COD,10
13359,3/13/2031,1262,Home,North,3,115.41,0.01,Card,10
13360,3/14/2031,1079,Clothing,South,5,139,0.19,COD,4
13361,3/15/2031,1399,Beauty,North,1,326.24,0.21,Wallet,6
13362,3/16/2031,1763,Electronics,East,7,118.28,0.07,COD,6
13363,3/17/2031,1608,Electronics,West,4,386.47,0.07,Card,5
13364,3/18/2031,1259,Electronics,West,4,185.62,0.1,Wallet,10
13365,3/19/2031,1771,Beauty,West,7,478.05,0.25,Card,9
13366,3/20/2031,1614,Clothing,East,5,487.74,0.21,COD,11
13367,3/21/2031,1551,Home,East,3,286.32,0.3,Card,10
13368,3/22/2031,1784,Home,East,5,120.77,0.1,Card,8
13369,3/23/2031,1100,Electronics,West,7,393.36,0.32,Wallet,6
13370,3/24/2031,1358,Electronics,North,2,595.78,0.26,Card,4
13371,3/25/2031,1379,Electronics,East,5,379.22,0.14,COD,4
13372,3/26/2031,1819,Clothing,South,6,35.93,0.03,Card,9
13373,3/27/2031,1220,Electronics,East,7,25.12,0.09,COD,4
13374,3/28/2031,1819,Electronics,South,6,202.41,0.33,COD,7
13375,3/29/2031,1419,Beauty,West,7,129.53,0.11,Card,6
13376,3/30/2031,1123,Beauty,South,2,490.63,0.12,COD,2
13377,3/31/2031,1421,Electronics,East,6,509.21,0.07,COD,5
13378,4/1/2031,1230,Electronics,East,6,166.29,0.28,COD,3
13379,4/2/2031,1689,Electronics,North,1,205.5,0.1,COD,9
13380,4/3/2031,1062,Home,West,4,153.2,0.12,COD,10
13381,4/4/2031,1484,Home,South,6,546.4,0.15,Card,1
13382,4/5/2031,1627,Electronics,West,4,309.05,0.15,COD,10
13383,4/6/2031,1702,Electronics,East,7,398.84,0.14,COD,4
13384,4/7/2031,1573,Home,North,3,258.06,0.18,Card,4
13385,4/8/2031,1767,Clothing,East,5,384.14,0.29,Wallet,9
13386,4/9/2031,1482,Electronics,East,1,240.73,0.29,Card,1
13387,4/10/2031,1518,Clothing,East,7,213.71,0.28,Card,2
13388,4/11/2031,1154,Electronics,South,2,386.17,0.04,Card,1
13389,4/12/2031,1091,Clothing,East,3,360.77,0.28,Card,1
13390,4/13/2031,1981,Home,West,1,186.71,0.04,Card,1
13391,4/14/2031,1525,Home,West,1,102.37,0.04,Wallet,3
13392,4/15/2031,1454,Clothing,North,7,230.62,0.33,Card,11
13393,4/16/2031,1740,Beauty,West,2,257.89,0.29,COD,4
13394,4/17/2031,1597,Clothing,East,2,382.78,0.19,Card,10
13395,4/18/2031,1644,Home,East,4,550,0.31,COD,2
13396,4/19/2031,1509,Clothing,West,5,36.17,0.35,Wallet,1
13397,4/20/2031,1182,Beauty,North,7,157.54,0.21,Card,5
13398,4/21/2031,1385,Beauty,North,3,128.32,0.21,Wallet,6
13399,4/22/2031,1573,Electronics,West,5,308.84,0.26,Wallet,2
13400,4/23/2031,1730,Beauty,South,3,266.37,0.08,COD,3
13401,4/24/2031,1404,Home,South,1,441.49,0.06,Card,10
13402,4/25/2031,1245,Home,South,6,156.81,0.27,COD,3
13403,4/26/2031,1741,Electronics,South,6,362.78,0.12,Wallet,2
13404,4/27/2031,1590,Home,West,7,532.06,0.05,Card,4
13405,4/28/2031,1660,Beauty,North,2,547.75,0.11,COD,5
13406,4/29/2031,1649,Electronics,East,2,575.89,0.13,Card,8
13407,4/30/2031,1470,Beauty,East,1,467.36,0.34,Card,6
13408,5/1/2031,1825,Electronics,West,1,545,0.24,Wallet,9
13409,5/2/2031,1887,Electronics,East,3,152.2,0.19,Card,3
13410,5/3/2031,1422,Clothing,South,1,130.58,0.34,Card,10
13411,5/4/2031,1900,Clothing,North,7,18.8,0.32,COD,9
13412,5/5/2031,1064,Clothing,West,3,428.5,0.18,Card,11
13413,5/6/2031,1012,Electronics,North,5,563.42,0.32,Card,11
13414,5/7/2031,1212,Beauty,West,2,124.36,0.14,COD,4
13415,5/8/2031,1985,Electronics,West,2,387.61,0.08,Card,8
13416,5/9/2031,1241,Electronics,West,6,451.68,0.08,Card,10
13417,5/10/2031,1492,Electronics,West,6,557.65,0.23,Card,7
13418,5/11/2031,1212,Clothing,North,7,393.41,0.18,COD,7
13419,5/12/2031,1692,Beauty,East,2,582.62,0.23,Wallet,9
13420,5/13/2031,1337,Home,West,7,216.63,0.24,Wallet,10
13421,5/14/2031,1996,Home,South,5,219.71,0.01,Card,2
13422,5/15/2031,1172,Electronics,West,5,332.66,0.02,COD,5
13423,5/16/2031,1671,Clothing,North,4,239.35,0.19,Wallet,3
13424,5/17/2031,1163,Clothing,West,3,15.83,0.07,Card,7
13425,5/18/2031,1464,Clothing,South,6,443.09,0.22,Wallet,3
13426,5/19/2031,1994,Electronics,North,3,454.75,0.19,Wallet,5
13427,5/20/2031,1496,Home,West,6,451.98,0.21,Card,5
13428,5/21/2031,1699,Clothing,South,4,216.84,0.11,Card,2
13429,5/22/2031,1394,Home,North,2,320.54,0.22,Card,11
13430,5/23/2031,1702,Clothing,West,7,225.58,0.29,Card,1
13431,5/24/2031,1916,Electronics,South,3,24.38,0.35,Wallet,6
13432,5/25/2031,1307,Clothing,North,6,344.03,0.29,Wallet,1
13433,5/26/2031,1767,Electronics,West,3,87.4,0.2,Card,9
13434,5/27/2031,1182,Beauty,North,2,61.82,0.07,COD,10
13435,5/28/2031,1628,Clothing,South,7,456.97,0.24,COD,5
13436,5/29/2031,1793,Electronics,West,1,20.56,0.33,Card,1
13437,5/30/2031,1509,Beauty,West,6,576.02,0.07,COD,8
13438,5/31/2031,1707,Clothing,West,1,316.42,0.09,Wallet,1
13439,6/1/2031,1545,Electronics,South,4,590.06,0.05,Card,4
13440,6/2/2031,1563,Clothing,East,7,48.93,0.26,Card,7
13441,6/3/2031,1623,Electronics,West,5,356.36,0.14,Card,4
13442,6/4/2031,1763,Home,South,3,219.36,0.02,Card,5
13443,6/5/2031,1593,Home,North,6,508.44,0.31,Card,7
13444,6/6/2031,1743,Beauty,North,3,226.32,0.2,Card,4
13445,6/7/2031,1226,Clothing,South,4,167.39,0.12,COD,5
13446,6/8/2031,1744,Clothing,East,4,516.67,0.12,COD,7
13447,6/9/2031,1732,Home,South,3,234.17,0.1,Card,1
13448,6/10/2031,1435,Electronics,North,6,24.85,0.16,Card,3
13449,6/11/2031,1924,Clothing,North,7,243.32,0.12,Wallet,1
13450,6/12/2031,1421,Clothing,West,2,397.9,0.19,Wallet,3
13451,6/13/2031,1553,Electronics,East,7,163.8,0.27,Card,11
13452,6/14/2031,1020,Clothing,South,2,267.71,0.24,Card,2
13453,6/15/2031,1553,Beauty,North,5,48.18,0.1,Wallet,5
13454,6/16/2031,1396,Beauty,North,7,359.03,0.19,Card,10
13455,6/17/2031,1624,Electronics,North,3,457.43,0.29,Card,5
13456,6/18/2031,1104,Electronics,South,3,256.79,0.02,Card,10
13457,6/19/2031,1191,Electronics,South,6,260.84,0.03,Card,9
13458,6/20/2031,1016,Beauty,East,3,66.65,0.19,Card,8
13459,6/21/2031,1119,Electronics,West,6,133.14,0.22,Card,3
13460,6/22/2031,1392,Home,West,3,105.49,0.07,COD,1
13461,6/23/2031,1424,Electronics,West,4,296.79,0.26,Wallet,5
13462,6/24/2031,1128,Clothing,North,1,324.61,0.23,Wallet,11
13463,6/25/2031,1129,Clothing,West,3,570.13,0.32,Card,3
13464,6/26/2031,1571,Home,North,1,57.84,0.06,Card,5
13465,6/27/2031,1559,Electronics,East,2,365.92,0.26,COD,9
13466,6/28/2031,1028,Clothing,North,5,323,0.03,COD,11
13467,6/29/2031,1096,Electronics,East,7,317,0.2,Card,1
13468,6/30/2031,1009,Home,East,7,525.8,0.19,Card,1
13469,7/1/2031,1241,Beauty,West,2,135.24,0.14,Card,9
13470,7/2/2031,1825,Electronics,West,3,38.85,0.3,Card,3
13471,7/3/2031,1955,Beauty,North,7,408.28,0,Card,10
13472,7/4/2031,1231,Clothing,South,6,216.92,0.18,Wallet,5
13473,7/5/2031,1788,Electronics,West,2,25.29,0.08,Card,9
13474,7/6/2031,1283,Clothing,West,4,162.05,0.26,Wallet,11
13475,7/7/2031,1714,Electronics,South,1,195.96,0.02,Wallet,5
13476,7/8/2031,1758,Home,South,6,375.85,0.29,Card,3
13477,7/9/2031,1801,Home,West,7,115.96,0.29,COD,9
13478,7/10/2031,1775,Electronics,South,6,256.64,0.29,COD,7
13479,7/11/2031,1954,Clothing,North,3,297.25,0.05,Card,7
13480,7/12/2031,1725,Home,East,4,283.65,0.22,Card,8
13481,7/13/2031,1199,Beauty,East,1,584.76,0.01,COD,11
13482,7/14/2031,1944,Clothing,West,4,41.62,0.3,COD,5
13483,7/15/2031,1078,Beauty,West,2,571.32,0.25,COD,2
13484,7/16/2031,1912,Clothing,North,3,355.43,0.19,COD,11
13485,7/17/2031,1955,Clothing,South,6,480.5,0.26,Card,9
13486,7/18/2031,1854,Home,West,6,266.78,0.03,COD,3
13487,7/19/2031,1855,Clothing,East,2,280.5,0.19,Card,11
13488,7/20/2031,1172,Clothing,North,6,529.41,0.1,COD,2
13489,7/21/2031,1466,Clothing,North,5,539.12,0.34,Wallet,10
13490,7/22/2031,1580,Home,South,3,154.63,0.3,COD,10
13491,7/23/2031,1415,Home,West,2,131.56,0.26,COD,5
13492,7/24/2031,1939,Clothing,West,3,305.3,0.33,COD,8
13493,7/25/2031,1448,Electronics,North,1,541.66,0.12,COD,3
13494,7/26/2031,1086,Clothing,East,3,203.58,0.32,COD,6
13495,7/27/2031,1100,Clothing,West,3,396.43,0.11,Card,9
13496,7/28/2031,1007,Electronics,East,1,429.27,0.26,Wallet,2
13497,7/29/2031,1844,Home,North,2,470.52,0.26,Card,8
13498,7/30/2031,1199,Clothing,West,3,344.9,0.01,Card,10
13499,7/31/2031,1504,Electronics,East,4,250.44,0.13,Card,7
13500,8/1/2031,1086,Electronics,North,3,580.7,0.01,Card,3
13501,8/2/2031,1042,Electronics,East,2,372.63,0.35,COD,1
13502,8/3/2031,1384,Beauty,West,6,441.21,0.04,Card,6
13503,8/4/2031,1620,Electronics,South,7,216.81,0.19,Wallet,2
13504,8/5/2031,1434,Electronics,East,1,406.92,0.28,Card,3
13505,8/6/2031,1407,Clothing,South,6,165.81,0.07,Card,5
13506,8/7/2031,1482,Electronics,West,2,158.38,0.17,Card,11
13507,8/8/2031,1663,Electronics,South,5,433.11,0.21,COD,8
13508,8/9/2031,1016,Electronics,North,7,320.02,0.06,Wallet,2
13509,8/10/2031,1644,Clothing,South,6,414.72,0.27,COD,6
13510,8/11/2031,1147,Clothing,East,3,172.62,0.1,Card,1
13511,8/12/2031,1276,Clothing,East,7,365.25,0.07,Wallet,7
13512,8/13/2031,1231,Clothing,South,3,274.7,0.2,Card,4
13513,8/14/2031,1825,Beauty,North,1,364.22,0.14,COD,1
13514,8/15/2031,1926,Clothing,West,3,185.16,0.32,Card,9
13515,8/16/2031,1365,Electronics,South,7,433.54,0.31,Card,9
13516,8/17/2031,1227,Electronics,East,4,486.47,0.17,Card,11
13517,8/18/2031,1650,Clothing,East,4,167.05,0.13,Card,3
13518,8/19/2031,1435,Home,South,6,190.86,0.11,Wallet,6
13519,8/20/2031,1398,Electronics,South,2,401.78,0.09,COD,7
13520,8/21/2031,1210,Home,South,1,421.92,0.19,Wallet,4
13521,8/22/2031,1390,Electronics,West,5,426.9,0.28,COD,6
13522,8/23/2031,1498,Clothing,East,6,414.38,0.11,COD,9
13523,8/24/2031,1539,Home,East,2,244.79,0.07,COD,10
13524,8/25/2031,1562,Electronics,East,1,245.99,0.17,Wallet,6
13525,8/26/2031,1490,Clothing,West,7,164.07,0.02,Card,7
13526,8/27/2031,1441,Electronics,North,1,106.75,0.25,Card,6
13527,8/28/2031,1260,Home,East,7,420.16,0.18,COD,7
13528,8/29/2031,1772,Electronics,East,6,69.52,0.17,Wallet,1
13529,8/30/2031,1349,Beauty,North,2,563.61,0.11,Wallet,6
13530,8/31/2031,1351,Electronics,West,2,498.61,0.32,COD,9
13531,9/1/2031,1519,Beauty,North,3,516.64,0.03,Card,11
13532,9/2/2031,1319,Clothing,North,5,545.4,0.3,Card,3
13533,9/3/2031,1137,Home,North,4,254.03,0.13,Wallet,6
13534,9/4/2031,1549,Electronics,North,3,510.32,0.31,Card,4
13535,9/5/2031,1622,Beauty,West,1,107.47,0.26,Card,7
13536,9/6/2031,1991,Electronics,West,5,27.66,0.04,Wallet,7
13537,9/7/2031,1367,Electronics,North,5,474.16,0.29,Card,9
13538,9/8/2031,1219,Clothing,South,2,58.76,0.24,COD,4
13539,9/9/2031,1336,Electronics,South,5,593.29,0.01,COD,8
13540,9/10/2031,1222,Electronics,South,6,409.76,0.05,Card,8
13541,9/11/2031,1647,Beauty,South,5,455.77,0.22,Card,8
13542,9/12/2031,1767,Beauty,East,1,158.8,0.23,Card,8
13543,9/13/2031,1359,Clothing,West,6,409.21,0.26,COD,6
13544,9/14/2031,1920,Beauty,West,6,40.28,0.25,COD,8
13545,9/15/2031,1328,Clothing,North,3,505.13,0.23,Card,6
13546,9/16/2031,1961,Electronics,East,5,114.23,0.27,Wallet,10
13547,9/17/2031,1462,Home,North,2,422.95,0.2,Card,2
13548,9/18/2031,1945,Home,North,7,146.32,0.09,Card,3
13549,9/19/2031,1962,Beauty,West,3,55.05,0.32,Card,6
13550,9/20/2031,1560,Electronics,East,2,296.67,0.01,Card,7
13551,9/21/2031,1803,Home,South,5,114.03,0.13,Wallet,4
13552,9/22/2031,1381,Electronics,West,3,441.72,0.26,Card,1
13553,9/23/2031,1835,Electronics,East,5,153.98,0.15,Card,4
13554,9/24/2031,1589,Electronics,East,1,215.35,0.01,Wallet,6
13555,9/25/2031,1616,Beauty,West,3,346.95,0.02,COD,8
13556,9/26/2031,1168,Home,West,2,181.71,0.23,Card,4
13557,9/27/2031,1216,Home,North,1,236.12,0.34,Wallet,10
13558,9/28/2031,1377,Clothing,North,4,492.14,0.19,COD,1
13559,9/29/2031,1118,Electronics,North,2,119.84,0.18,Card,5
13560,9/30/2031,1189,Electronics,South,7,63.09,0.11,COD,7
13561,10/1/2031,1766,Electronics,West,5,207.09,0.09,Wallet,6
13562,10/2/2031,1369,Clothing,East,2,263.26,0.01,COD,3
13563,10/3/2031,1777,Home,West,4,332.46,0.1,COD,7
13564,10/4/2031,1148,Clothing,East,2,232.87,0.16,Wallet,4
13565,10/5/2031,1675,Electronics,South,1,477.1,0.07,COD,5
13566,10/6/2031,1651,Electronics,West,6,38,0.03,Card,11
13567,10/7/2031,1858,Electronics,East,2,267.58,0.25,Card,7
13568,10/8/2031,1487,Clothing,East,3,238.62,0.31,COD,2
13569,10/9/2031,1769,Beauty,North,7,393.83,0.33,Card,4
13570,10/10/2031,1373,Clothing,South,4,580.27,0.22,Wallet,4
13571,10/11/2031,1780,Home,West,2,313.57,0.02,Card,6
13572,10/12/2031,1692,Clothing,North,4,592.32,0.26,COD,11
13573,10/13/2031,1159,Clothing,South,6,191.82,0.04,COD,7
13574,10/14/2031,1350,Electronics,North,1,33.06,0.23,COD,4
13575,10/15/2031,1911,Beauty,West,3,111.91,0.27,Card,10
13576,10/16/2031,1287,Home,East,5,246.15,0.25,Card,1
13577,10/17/2031,1287,Electronics,West,2,200.06,0.33,COD,1
13578,10/18/2031,1891,Clothing,South,1,71.78,0.26,Wallet,5
13579,10/19/2031,1225,Clothing,West,4,268.11,0.24,COD,1
13580,10/20/2031,1522,Clothing,South,6,212.8,0.09,Card,3
13581,10/21/2031,1521,Beauty,North,7,86.73,0.32,Card,9
13582,10/22/2031,1782,Clothing,South,4,188.23,0.06,Wallet,3
13583,10/23/2031,1272,Clothing,East,7,533.57,0.32,Wallet,3
13584,10/24/2031,1935,Electronics,East,6,191.7,0.11,Card,9
13585,10/25/2031,1401,Electronics,East,7,432.66,0.05,COD,5
13586,10/26/2031,1182,Electronics,North,6,373.05,0.29,Card,8
13587,10/27/2031,1968,Electronics,South,1,264.9,0,COD,10
13588,10/28/2031,1664,Home,North,2,154.83,0.29,Wallet,9
13589,10/29/2031,1487,Home,West,5,230.87,0.09,Card,6
13590,10/30/2031,1826,Electronics,West,2,361.38,0.31,COD,7
13591,10/31/2031,1845,Home,West,3,220.19,0.24,Card,7
13592,11/1/2031,1123,Electronics,West,2,140.71,0.23,Card,7
13593,11/2/2031,1984,Electronics,East,6,83.13,0.13,COD,4
13594,11/3/2031,1625,Electronics,South,6,529.66,0.02,Card,2
13595,11/4/2031,1789,Clothing,East,3,272.58,0.29,COD,2
13596,11/5/2031,1413,Electronics,South,4,380.75,0.06,Card,7
13597,11/6/2031,1979,Clothing,South,6,301.89,0.13,COD,10
13598,11/7/2031,1724,Clothing,North,3,525.45,0.21,Card,7
13599,11/8/2031,1171,Beauty,West,6,334.96,0.17,COD,10
13600,11/9/2031,1287,Electronics,South,5,296.26,0.07,COD,7
13601,11/10/2031,1434,Electronics,West,6,555.89,0.05,Wallet,8
13602,11/11/2031,1685,Electronics,West,1,436.02,0.04,Wallet,3
13603,11/12/2031,1112,Clothing,West,3,80.26,0.3,Card,11
13604,11/13/2031,1887,Electronics,East,7,118.96,0.01,Card,5
13605,11/14/2031,1916,Home,West,2,475.47,0.34,COD,6
13606,11/15/2031,1994,Clothing,South,3,503.97,0.07,COD,8
13607,11/16/2031,1121,Clothing,East,4,333.94,0.04,Card,8
13608,11/17/2031,1543,Clothing,West,6,339.36,0.2,Card,10
13609,11/18/2031,1221,Electronics,North,3,384.68,0.03,COD,3
13610,11/19/2031,1630,Electronics,West,5,271.88,0.21,Wallet,4
13611,11/20/2031,1038,Electronics,West,3,412.92,0.3,Wallet,6
13612,11/21/2031,1496,Clothing,East,5,78.46,0.02,Card,4
13613,11/22/2031,1779,Electronics,South,6,577.35,0.28,Card,10
13614,11/23/2031,1232,Electronics,West,2,453.84,0.14,Card,4
13615,11/24/2031,1942,Beauty,East,6,384.24,0.06,COD,5
13616,11/25/2031,1529,Electronics,East,4,200.05,0.06,COD,10
13617,11/26/2031,1148,Home,South,1,109.16,0.32,COD,7
13618,11/27/2031,1396,Home,East,2,254.47,0.04,COD,2
13619,11/28/2031,1660,Electronics,South,2,402.02,0.3,Card,2
13620,11/29/2031,1637,Electronics,North,1,385.72,0.19,Card,10
13621,11/30/2031,1903,Electronics,West,3,238.85,0.01,Wallet,9
13622,12/1/2031,1301,Home,East,6,373.77,0.16,Card,4
13623,12/2/2031,1359,Clothing,North,3,491.04,0.29,Card,5
13624,12/3/2031,1237,Home,East,3,30.38,0.25,COD,3
13625,12/4/2031,1646,Beauty,East,6,278.61,0.17,COD,2
13626,12/5/2031,1662,Home,North,4,458.75,0.3,Wallet,10
13627,12/6/2031,1235,Electronics,East,2,334.49,0.04,Card,8
13628,12/7/2031,1735,Electronics,East,5,396.11,0.32,COD,4
13629,12/8/2031,1202,Home,North,1,317.26,0.3,COD,1
13630,12/9/2031,1255,Electronics,East,2,595.25,0.25,Wallet,6
13631,12/10/2031,1597,Electronics,South,3,46.95,0.29,COD,6
13632,12/11/2031,1661,Home,East,1,302.26,0.19,Wallet,2
13633,12/12/2031,1234,Clothing,West,5,68.48,0.24,Card,2
13634,12/13/2031,1344,Beauty,East,2,108.47,0.2,COD,8
13635,12/14/2031,1533,Home,West,2,239.08,0.12,Card,11
13636,12/15/2031,1859,Electronics,West,4,105.99,0.2,Card,7
13637,12/16/2031,1796,Beauty,East,2,578.76,0.09,Card,2
13638,12/17/2031,1780,Electronics,North,2,568.87,0.15,COD,10
13639,12/18/2031,1465,Electronics,South,5,211.62,0.1,Card,1
13640,12/19/2031,1769,Clothing,South,5,389.25,0.04,Wallet,11
13641,12/20/2031,1540,Electronics,East,1,327.25,0.11,COD,8
13642,12/21/2031,1212,Clothing,North,3,492.12,0.3,Card,10
13643,12/22/2031,1462,Electronics,North,5,382.06,0.13,COD,2
13644,12/23/2031,1435,Clothing,South,1,15.15,0.26,Card,5
13645,12/24/2031,1282,Clothing,North,2,461.46,0.06,Card,6
13646,12/25/2031,1561,Home,East,1,451.91,0.15,COD,10
13647,12/26/2031,1606,Home,East,1,313.19,0.04,Wallet,1
13648,12/27/2031,1462,Electronics,North,1,543.21,0.05,COD,2
13649,12/28/2031,1406,Clothing,East,6,546.44,0.22,Wallet,10
13650,12/29/2031,1087,Clothing,West,1,321.49,0.21,COD,4
13651,12/30/2031,1043,Electronics,South,5,370.67,0.07,Card,2
13652,12/31/2031,1460,Home,East,7,597.97,0.17,COD,11
13653,1/1/2032,1277,Home,North,7,189.81,0.3,COD,6
13654,1/2/2032,1682,Electronics,South,7,204.9,0.06,Card,4
13655,1/3/2032,1420,Clothing,East,7,121.92,0.01,Wallet,11
13656,1/4/2032,1700,Electronics,South,6,539.08,0.23,COD,3
13657,1/5/2032,1352,Clothing,North,3,450.53,0.02,Card,6
13658,1/6/2032,1695,Electronics,West,1,76.8,0.34,Wallet,9
13659,1/7/2032,1514,Beauty,West,4,589.33,0.21,Card,8
13660,1/8/2032,1702,Home,East,7,442.61,0.16,Wallet,2
13661,1/9/2032,1629,Clothing,West,2,512.56,0.15,Card,3
13662,1/10/2032,1018,Clothing,East,7,43.17,0.2,COD,2
13663,1/11/2032,1022,Beauty,South,7,310.4,0.03,COD,10
13664,1/12/2032,1412,Clothing,East,2,423.68,0.33,COD,7
13665,1/13/2032,1029,Electronics,East,6,332.62,0.22,Card,9
13666,1/14/2032,1806,Clothing,East,2,404.99,0.06,Card,1
13667,1/15/2032,1107,Home,West,2,493.46,0.2,Card,11
13668,1/16/2032,1366,Clothing,East,6,233.99,0.05,Wallet,3
13669,1/17/2032,1280,Home,North,2,511.47,0.01,Card,6
13670,1/18/2032,1127,Beauty,East,1,110.31,0.22,COD,4
13671,1/19/2032,1228,Beauty,South,7,173.47,0.23,Wallet,10
13672,1/20/2032,1110,Beauty,North,3,40.36,0.2,Wallet,10
13673,1/21/2032,1135,Electronics,South,6,228.19,0.06,Card,1
13674,1/22/2032,1361,Clothing,South,4,237.25,0.21,Wallet,9
13675,1/23/2032,1185,Home,South,6,486.08,0.02,Card,7
13676,1/24/2032,1655,Home,North,5,397.08,0.21,COD,11
13677,1/25/2032,1583,Clothing,North,4,270.48,0.19,COD,7
13678,1/26/2032,1128,Electronics,West,5,396.49,0.23,Card,1
13679,1/27/2032,1875,Home,North,6,45.88,0.31,Card,9
13680,1/28/2032,1260,Home,East,5,120.46,0.3,COD,8
13681,1/29/2032,1514,Electronics,South,4,381.76,0.34,Card,11
13682,1/30/2032,1448,Clothing,West,1,390.2,0.34,Wallet,10
13683,1/31/2032,1899,Electronics,North,6,467.87,0.27,Card,5
13684,2/1/2032,1103,Electronics,South,6,250.75,0.33,Wallet,4
13685,2/2/2032,1482,Electronics,North,2,437.69,0.3,COD,1
13686,2/3/2032,1223,Clothing,West,6,415.13,0.25,Wallet,9
13687,2/4/2032,1831,Clothing,North,7,578.59,0.03,COD,8
13688,2/5/2032,1873,Clothing,North,7,140.85,0.02,Wallet,2
13689,2/6/2032,1865,Home,South,6,337.73,0.29,Card,4
13690,2/7/2032,1490,Home,East,1,367.03,0.17,COD,4
13691,2/8/2032,1472,Electronics,North,2,599.21,0.29,Card,7
13692,2/9/2032,1009,Electronics,West,3,132.69,0.11,Card,3
13693,2/10/2032,1404,Beauty,North,5,321.08,0.14,COD,8
13694,2/11/2032,1895,Electronics,North,4,217.52,0.25,COD,11
13695,2/12/2032,1301,Beauty,East,3,322.65,0.32,Card,7
13696,2/13/2032,1230,Home,South,2,150.8,0.03,COD,10
13697,2/14/2032,1730,Clothing,West,7,42.85,0.3,COD,4
13698,2/15/2032,1922,Beauty,South,7,349.95,0.28,Card,9
13699,2/16/2032,1065,Electronics,South,7,211.47,0.11,COD,6
13700,2/17/2032,1936,Electronics,South,1,121.44,0.12,COD,3
13701,2/18/2032,1111,Clothing,North,7,204.5,0.02,Card,7
13702,2/19/2032,1012,Clothing,East,4,43.83,0.01,COD,6
13703,2/20/2032,1392,Beauty,North,5,571.01,0.17,COD,8
13704,2/21/2032,1499,Electronics,West,6,354.97,0.03,Wallet,5
13705,2/22/2032,1931,Clothing,East,6,491.64,0.07,Card,6
13706,2/23/2032,1597,Clothing,South,3,262.52,0.3,Wallet,1
13707,2/24/2032,1233,Home,East,5,543.44,0.2,Card,8
13708,2/25/2032,1601,Electronics,West,2,297.74,0.22,Card,1
13709,2/26/2032,1313,Clothing,North,5,350.76,0.07,Card,3
13710,2/27/2032,1565,Home,North,1,302.7,0.29,Wallet,2
13711,2/28/2032,1011,Electronics,South,3,443.97,0.3,COD,6
13712,2/29/2032,1208,Home,North,3,346.49,0.18,Card,8
13713,3/1/2032,1973,Clothing,North,1,173.89,0.32,Card,8
13714,3/2/2032,1013,Home,West,5,100.14,0.3,Card,7
13715,3/3/2032,1632,Home,East,7,369.58,0.26,Card,7
13716,3/4/2032,1417,Electronics,North,1,301.17,0.26,COD,8
13717,3/5/2032,1436,Clothing,West,7,71.15,0.04,COD,5
13718,3/6/2032,1376,Beauty,West,4,246.44,0.09,Wallet,3
13719,3/7/2032,1019,Clothing,South,1,316.14,0.02,Wallet,2
13720,3/8/2032,1586,Beauty,West,7,498.73,0,COD,3
13721,3/9/2032,1911,Clothing,South,5,59.52,0.06,Card,11
13722,3/10/2032,1754,Electronics,North,7,218.87,0.31,Card,11
13723,3/11/2032,1734,Clothing,South,1,496.25,0.08,COD,3
13724,3/12/2032,1069,Beauty,West,2,394.33,0.34,COD,7
13725,3/13/2032,1823,Electronics,East,6,184.63,0.21,COD,1
13726,3/14/2032,1210,Beauty,East,1,509.52,0.08,Wallet,7
13727,3/15/2032,1100,Beauty,North,6,303.58,0.17,Wallet,6
13728,3/16/2032,1697,Clothing,North,1,306.54,0.08,Card,11
13729,3/17/2032,1131,Electronics,East,5,586.3,0.34,Card,10
13730,3/18/2032,1622,Home,South,4,569.06,0.3,Wallet,2
13731,3/19/2032,1380,Electronics,North,4,224.74,0.01,Wallet,10
13732,3/20/2032,1131,Home,West,6,97.24,0.33,Card,1
13733,3/21/2032,1019,Clothing,North,5,205.52,0.25,COD,9
13734,3/22/2032,1905,Clothing,South,7,32.83,0.03,COD,2
13735,3/23/2032,1535,Home,North,5,27.15,0.23,COD,4
13736,3/24/2032,1226,Clothing,West,5,246.38,0.23,Card,9
13737,3/25/2032,1153,Clothing,West,2,565.5,0.08,Wallet,9
13738,3/26/2032,1804,Clothing,West,3,524.74,0.27,COD,11
13739,3/27/2032,1741,Clothing,South,1,314.19,0.03,Card,1
13740,3/28/2032,1468,Clothing,South,5,345.66,0.17,COD,2
13741,3/29/2032,1821,Home,West,5,18.47,0,COD,2
13742,3/30/2032,1999,Clothing,West,5,141.07,0.34,Wallet,2
13743,3/31/2032,1870,Clothing,South,4,29.49,0.26,Card,8
13744,4/1/2032,1404,Home,South,5,456.41,0.06,Wallet,8
13745,4/2/2032,1201,Electronics,South,1,100.2,0.12,Card,10
13746,4/3/2032,1037,Electronics,East,7,523.39,0.06,COD,8
13747,4/4/2032,1941,Beauty,South,7,391.34,0.27,COD,4
13748,4/5/2032,1771,Home,West,5,149.21,0.02,Card,8
13749,4/6/2032,1187,Clothing,East,1,107.27,0.29,COD,7
13750,4/7/2032,1056,Clothing,South,2,382.16,0.33,Wallet,8
13751,4/8/2032,1940,Electronics,West,7,541.99,0.24,COD,1
13752,4/9/2032,1019,Clothing,North,3,435.24,0.07,COD,3
13753,4/10/2032,1272,Clothing,East,4,218.9,0.13,Card,10
13754,4/11/2032,1118,Clothing,West,1,358.62,0.17,Card,6
13755,4/12/2032,1582,Clothing,North,7,196.8,0.21,Card,1
13756,4/13/2032,1515,Electronics,West,7,599.5,0.23,Wallet,4
13757,4/14/2032,1220,Electronics,South,6,453.07,0.19,COD,9
13758,4/15/2032,1525,Beauty,South,2,374.41,0.12,Wallet,7
13759,4/16/2032,1514,Clothing,North,3,262.61,0.31,Card,1
13760,4/17/2032,1727,Clothing,South,3,376.62,0.03,COD,6
13761,4/18/2032,1740,Electronics,West,3,214.85,0.16,Card,6
13762,4/19/2032,1335,Electronics,North,1,31.89,0.27,COD,2
13763,4/20/2032,1697,Home,West,2,246.13,0.02,Card,6
13764,4/21/2032,1054,Clothing,West,5,559.33,0.25,Card,10
13765,4/22/2032,1499,Clothing,West,6,381.39,0.29,COD,2
13766,4/23/2032,1899,Electronics,South,2,64.11,0.23,Card,8
13767,4/24/2032,1887,Home,South,2,532.72,0,COD,7
13768,4/25/2032,1765,Electronics,West,7,172.29,0.06,COD,6
13769,4/26/2032,1535,Electronics,East,2,157.61,0.12,COD,10
13770,4/27/2032,1161,Clothing,West,1,188.8,0.08,Wallet,6
13771,4/28/2032,1669,Electronics,West,6,352.66,0.34,Card,9
13772,4/29/2032,1593,Electronics,North,1,333.64,0.23,COD,9
13773,4/30/2032,1914,Clothing,West,6,302.48,0.1,Wallet,10
13774,5/1/2032,1158,Home,South,6,434.76,0.33,COD,10
13775,5/2/2032,1187,Home,North,7,200.17,0.26,Card,2
13776,5/3/2032,1059,Clothing,East,1,472.51,0.1,Wallet,3
13777,5/4/2032,1914,Electronics,North,6,117.56,0.13,Card,10
13778,5/5/2032,1816,Electronics,East,2,472.83,0.07,Card,7
13779,5/6/2032,1318,Beauty,North,1,403.33,0.34,Card,11
13780,5/7/2032,1877,Clothing,North,6,414.68,0.18,Card,10
13781,5/8/2032,1210,Home,East,3,296.71,0.31,Card,9
13782,5/9/2032,1405,Electronics,South,1,405.2,0.12,Card,6
13783,5/10/2032,1663,Clothing,South,7,61.68,0.3,Card,11
13784,5/11/2032,1108,Electronics,South,4,513.16,0.02,Card,1
13785,5/12/2032,1075,Clothing,North,1,47.5,0.34,Card,11
13786,5/13/2032,1541,Beauty,West,1,102.01,0.32,COD,7
13787,5/14/2032,1313,Beauty,North,1,352.42,0.13,Card,11
13788,5/15/2032,1997,Clothing,West,6,447.56,0.27,Card,1
13789,5/16/2032,1116,Clothing,West,1,59.61,0.26,Card,5
13790,5/17/2032,1926,Beauty,South,4,553.65,0.32,Card,9
13791,5/18/2032,1867,Home,West,5,584.56,0.11,Card,10
13792,5/19/2032,1703,Electronics,North,1,369.48,0.16,Card,11
13793,5/20/2032,1018,Clothing,North,3,296.53,0.3,COD,10
13794,5/21/2032,1431,Electronics,South,4,448.72,0.27,COD,9
13795,5/22/2032,1684,Clothing,East,5,207.09,0.14,Wallet,1
13796,5/23/2032,1739,Clothing,North,6,303.56,0.3,COD,6
13797,5/24/2032,1349,Clothing,West,1,550.95,0.02,COD,3
13798,5/25/2032,1182,Clothing,North,5,574.06,0.27,Card,9
13799,5/26/2032,1112,Electronics,North,3,557.34,0.07,COD,3
13800,5/27/2032,1182,Clothing,North,4,168.53,0.1,Card,2
13801,5/28/2032,1480,Home,East,4,150.99,0.17,COD,8
13802,5/29/2032,1145,Home,West,6,189.13,0.16,Card,3
13803,5/30/2032,1830,Electronics,South,6,273.17,0.18,COD,5
13804,5/31/2032,1627,Beauty,North,6,198.79,0.19,Wallet,6
13805,6/1/2032,1112,Beauty,West,5,233.91,0.12,Wallet,10
13806,6/2/2032,1762,Electronics,West,1,378.07,0.06,Card,10
13807,6/3/2032,1475,Electronics,South,2,461.08,0.27,Card,1
13808,6/4/2032,1762,Home,North,4,445.3,0.14,Wallet,7
13809,6/5/2032,1302,Home,East,2,491.44,0.18,COD,11
13810,6/6/2032,1970,Beauty,West,7,33.83,0.23,COD,7
13811,6/7/2032,1824,Beauty,South,4,42.92,0.32,COD,5
13812,6/8/2032,1117,Clothing,East,6,476.79,0.25,COD,9
13813,6/9/2032,1812,Clothing,West,1,326.85,0.02,Wallet,11
13814,6/10/2032,1160,Electronics,North,1,353.21,0.29,COD,2
13815,6/11/2032,1400,Electronics,West,4,45.76,0.35,COD,5
13816,6/12/2032,1197,Clothing,East,5,164.36,0.17,COD,2
13817,6/13/2032,1259,Clothing,East,7,388.44,0.34,Wallet,2
13818,6/14/2032,1659,Clothing,North,6,517.62,0.19,COD,11
13819,6/15/2032,1751,Home,North,1,551.44,0.16,COD,9
13820,6/16/2032,1046,Electronics,South,7,307.75,0.12,Wallet,7
13821,6/17/2032,1986,Clothing,North,7,334.1,0.23,COD,4
13822,6/18/2032,1398,Electronics,South,1,502.33,0.08,Card,11
13823,6/19/2032,1709,Clothing,East,3,329.51,0.04,COD,8
13824,6/20/2032,1558,Home,East,7,317.36,0.01,COD,11
13825,6/21/2032,1077,Home,West,1,544.47,0.1,Card,11
13826,6/22/2032,1123,Beauty,West,3,477.11,0.14,COD,4
13827,6/23/2032,1074,Electronics,South,1,546.81,0.19,COD,1
13828,6/24/2032,1870,Clothing,North,1,142.67,0.1,COD,10
13829,6/25/2032,1136,Electronics,North,7,321.76,0.34,COD,3
13830,6/26/2032,1601,Clothing,West,5,507.85,0.1,COD,10
13831,6/27/2032,1399,Beauty,East,5,80.02,0.15,Wallet,1
13832,6/28/2032,1836,Home,South,6,479.88,0.04,Card,2
13833,6/29/2032,1504,Beauty,East,1,122.04,0.09,Card,2
13834,6/30/2032,1499,Electronics,East,6,487.75,0.02,Card,7
13835,7/1/2032,1572,Beauty,North,6,373.02,0.2,COD,4
13836,7/2/2032,1137,Electronics,South,6,128.04,0.26,Card,10
13837,7/3/2032,1049,Beauty,East,6,291.91,0.07,Card,9
13838,7/4/2032,1770,Electronics,West,4,413.91,0.13,COD,2
13839,7/5/2032,1972,Electronics,West,7,385.8,0.01,Card,9
13840,7/6/2032,1618,Clothing,North,7,264.94,0.29,COD,6
13841,7/7/2032,1624,Beauty,West,4,541.13,0.27,COD,10
13842,7/8/2032,1861,Electronics,West,1,318.77,0.02,COD,8
13843,7/9/2032,1253,Clothing,East,4,310.93,0.13,Card,7
13844,7/10/2032,1629,Beauty,West,1,51.42,0.33,COD,11
13845,7/11/2032,1709,Clothing,West,5,554.44,0.14,Card,8
13846,7/12/2032,1848,Electronics,East,7,118.61,0.18,Wallet,9
13847,7/13/2032,1876,Clothing,North,2,324.08,0.12,Wallet,8
13848,7/14/2032,1562,Clothing,North,3,485.09,0.21,Card,6
13849,7/15/2032,1756,Beauty,South,7,141.04,0.34,Card,8
13850,7/16/2032,1914,Home,West,4,323.51,0.35,Card,8
13851,7/17/2032,1425,Clothing,East,4,155.8,0.27,Card,2
13852,7/18/2032,1546,Beauty,South,5,459.42,0.14,COD,2
13853,7/19/2032,1301,Clothing,North,4,345.14,0.17,COD,11
13854,7/20/2032,1921,Electronics,North,1,515.75,0.12,Card,1
13855,7/21/2032,1580,Electronics,East,1,538.32,0.34,COD,10
13856,7/22/2032,1348,Clothing,South,2,394.51,0.25,Wallet,2
13857,7/23/2032,1831,Electronics,South,2,439.35,0.16,COD,7
13858,7/24/2032,1932,Beauty,East,7,336.29,0,Card,11
13859,7/25/2032,1979,Home,East,2,239.89,0.18,COD,3
13860,7/26/2032,1048,Electronics,South,1,394.15,0.34,COD,4
13861,7/27/2032,1916,Clothing,North,6,546.35,0.18,Wallet,4
13862,7/28/2032,1073,Home,West,6,258.76,0.06,Card,4
13863,7/29/2032,1703,Beauty,North,2,198.93,0.01,Card,2
13864,7/30/2032,1260,Beauty,East,2,242.24,0.12,COD,11
13865,7/31/2032,1355,Clothing,South,1,269.71,0.32,COD,6
13866,8/1/2032,1581,Home,South,5,58.03,0.35,COD,1
13867,8/2/2032,1601,Clothing,West,7,306.59,0.33,Card,5
13868,8/3/2032,1259,Clothing,South,4,304.17,0.26,COD,2
13869,8/4/2032,1637,Electronics,West,7,359.24,0.2,Card,9
13870,8/5/2032,1742,Electronics,North,3,227.25,0.21,Card,2
13871,8/6/2032,1294,Clothing,North,6,373.67,0.19,COD,6
13872,8/7/2032,1930,Electronics,South,6,528.76,0.25,Card,4
13873,8/8/2032,1640,Electronics,South,1,573.95,0.15,Card,6
13874,8/9/2032,1791,Home,East,7,356.41,0.23,COD,2
13875,8/10/2032,1312,Electronics,East,1,39.92,0.04,COD,2
13876,8/11/2032,1611,Clothing,South,3,582,0.09,Card,7
13877,8/12/2032,1837,Clothing,South,7,427.93,0.29,COD,3
13878,8/13/2032,1808,Beauty,North,3,211.54,0.32,Card,3
13879,8/14/2032,1181,Clothing,South,2,101.09,0.19,Card,7
13880,8/15/2032,1685,Electronics,East,7,98.9,0.01,COD,8
13881,8/16/2032,1827,Clothing,North,3,113.13,0.32,Card,7
13882,8/17/2032,1363,Home,West,4,41.66,0.25,Wallet,3
13883,8/18/2032,1187,Beauty,East,4,542.76,0.14,Card,3
13884,8/19/2032,1568,Clothing,East,6,331.35,0.21,COD,7
13885,8/20/2032,1542,Electronics,North,4,424.48,0.15,Wallet,3
13886,8/21/2032,1595,Beauty,West,7,499.44,0.16,Wallet,2
13887,8/22/2032,1663,Electronics,East,4,478.05,0.31,Card,7
13888,8/23/2032,1984,Clothing,South,4,531.32,0.06,Wallet,3
13889,8/24/2032,1547,Clothing,East,2,580.84,0.04,Wallet,5
13890,8/25/2032,1724,Electronics,North,6,271.86,0,Card,7
13891,8/26/2032,1925,Electronics,North,1,570.95,0.11,COD,2
13892,8/27/2032,1407,Electronics,North,6,438.12,0.05,Card,8
13893,8/28/2032,1875,Home,East,6,56.34,0.08,COD,2
13894,8/29/2032,1617,Beauty,West,6,413.84,0,COD,4
13895,8/30/2032,1413,Electronics,South,3,416.73,0.08,Card,4
13896,8/31/2032,1341,Home,North,1,544.93,0.12,COD,8
13897,9/1/2032,1219,Electronics,West,3,233.17,0.01,Card,11
13898,9/2/2032,1902,Clothing,South,2,357.17,0.21,Wallet,1
13899,9/3/2032,1162,Electronics,North,2,22.13,0.2,Card,9
13900,9/4/2032,1950,Beauty,South,5,209.26,0.03,COD,6
13901,9/5/2032,1219,Home,South,5,51.41,0.21,Card,4
13902,9/6/2032,1269,Home,West,2,320.3,0.35,Card,6
13903,9/7/2032,1631,Home,South,2,493.21,0.33,COD,6
13904,9/8/2032,1905,Clothing,North,3,135.77,0,Card,9
13905,9/9/2032,1847,Beauty,West,2,323.55,0.28,COD,11
13906,9/10/2032,1399,Home,East,7,134.35,0.12,Wallet,4
13907,9/11/2032,1181,Beauty,East,1,85.6,0.02,Card,8
13908,9/12/2032,1990,Clothing,West,3,313.93,0.1,Wallet,1
13909,9/13/2032,1617,Electronics,East,2,61.3,0.11,Card,6
13910,9/14/2032,1728,Clothing,South,3,358.6,0.18,Card,5
13911,9/15/2032,1204,Electronics,North,3,33.33,0.23,Card,3
13912,9/16/2032,1581,Clothing,South,4,77.43,0.26,Wallet,4
13913,9/17/2032,1555,Clothing,West,5,336.75,0.09,Card,8
13914,9/18/2032,1840,Clothing,North,3,360.97,0.11,Wallet,11
13915,9/19/2032,1812,Electronics,West,6,31.96,0.11,Wallet,11
13916,9/20/2032,1227,Electronics,West,7,350.43,0.13,Card,10
13917,9/21/2032,1695,Clothing,West,7,505.52,0.35,COD,11
13918,9/22/2032,1618,Beauty,South,3,437.55,0.27,COD,2
13919,9/23/2032,1595,Clothing,North,6,91.74,0.34,Card,8
13920,9/24/2032,1849,Clothing,North,7,361.6,0.24,Card,7
13921,9/25/2032,1249,Home,North,4,408.27,0.14,Card,1
13922,9/26/2032,1874,Clothing,South,2,36.78,0.14,COD,2
13923,9/27/2032,1440,Electronics,East,3,515.38,0.17,COD,7
13924,9/28/2032,1532,Clothing,South,4,545.17,0.15,Card,11
13925,9/29/2032,1195,Electronics,South,1,512.51,0.29,Card,11
13926,9/30/2032,1689,Beauty,West,4,497.41,0.16,Wallet,3
13927,10/1/2032,1928,Electronics,North,5,450.8,0.1,Card,2
13928,10/2/2032,1986,Clothing,North,5,385.56,0.27,COD,1
13929,10/3/2032,1518,Electronics,East,2,412,0.3,Card,7
13930,10/4/2032,1069,Electronics,East,6,486.74,0.15,Wallet,3
13931,10/5/2032,1638,Home,West,2,402.56,0.23,Wallet,6
13932,10/6/2032,1398,Electronics,North,7,206.72,0.02,Card,10
13933,10/7/2032,1977,Electronics,East,6,234.94,0.19,Card,8
13934,10/8/2032,1671,Clothing,East,6,539.78,0.02,COD,6
13935,10/9/2032,1759,Electronics,North,6,25.02,0.01,Card,7
13936,10/10/2032,1202,Electronics,South,6,423.81,0.21,Card,11
13937,10/11/2032,1147,Home,East,5,573.54,0.11,COD,6
13938,10/12/2032,1471,Home,North,7,428.14,0.26,Card,7
13939,10/13/2032,1654,Beauty,East,5,596.44,0.31,Card,5
13940,10/14/2032,1943,Beauty,West,3,417.21,0.05,COD,9
13941,10/15/2032,1198,Home,East,7,35.1,0.25,COD,3
13942,10/16/2032,1916,Electronics,North,5,498.8,0.18,Card,6
13943,10/17/2032,1425,Home,East,2,181.51,0.04,COD,9
13944,10/18/2032,1665,Home,West,5,275.94,0.23,COD,1
13945,10/19/2032,1491,Home,West,7,197.57,0.21,COD,5
13946,10/20/2032,1887,Clothing,East,7,172.1,0.18,Card,4
13947,10/21/2032,1895,Electronics,East,2,267.37,0.32,Card,9
13948,10/22/2032,1141,Home,West,1,236.57,0.18,Wallet,11
13949,10/23/2032,1312,Home,West,7,385.5,0.35,Wallet,11
13950,10/24/2032,1164,Beauty,South,5,490.69,0.18,COD,1
13951,10/25/2032,1313,Electronics,South,2,188.8,0.04,Card,4
13952,10/26/2032,1020,Electronics,West,6,140.03,0.16,COD,1
13953,10/27/2032,1081,Electronics,East,7,405.13,0.06,Wallet,3
13954,10/28/2032,1580,Home,North,4,407.14,0.21,Card,4
13955,10/29/2032,1130,Electronics,East,6,542.16,0.24,Card,1
13956,10/30/2032,1598,Electronics,East,3,24.33,0.16,COD,5
13957,10/31/2032,1729,Beauty,South,7,514.03,0.03,Wallet,6
13958,11/1/2032,1932,Electronics,South,2,319.79,0.16,Card,1
13959,11/2/2032,1983,Home,South,6,378.46,0.03,COD,10
13960,11/3/2032,1304,Clothing,West,5,68.45,0.24,COD,11
13961,11/4/2032,1914,Home,West,5,268.08,0.28,COD,10
13962,11/5/2032,1370,Clothing,East,7,147.97,0.34,COD,4
13963,11/6/2032,1856,Beauty,East,1,163.72,0.05,COD,4
13964,11/7/2032,1852,Beauty,North,4,309.9,0.19,Card,1
13965,11/8/2032,1383,Electronics,East,7,490.29,0.2,Card,2
13966,11/9/2032,1907,Electronics,East,2,450.11,0.32,COD,11
13967,11/10/2032,1444,Electronics,South,6,360.73,0.22,Card,10
13968,11/11/2032,1424,Home,South,4,330.56,0.05,COD,5
13969,11/12/2032,1160,Beauty,South,1,264.97,0.15,COD,2
13970,11/13/2032,1177,Clothing,South,7,584.04,0.23,Card,3
13971,11/14/2032,1628,Clothing,South,3,342.71,0.25,COD,9
13972,11/15/2032,1707,Electronics,North,4,163.57,0.3,COD,5
13973,11/16/2032,1894,Home,North,1,149.6,0.06,Card,1
13974,11/17/2032,1489,Beauty,North,7,372.64,0.33,COD,5
13975,11/18/2032,1326,Electronics,South,7,320.85,0.02,Wallet,3
13976,11/19/2032,1597,Clothing,West,2,19.5,0.34,Card,1
13977,11/20/2032,1288,Electronics,South,7,500.59,0.3,COD,3
13978,11/21/2032,1592,Clothing,South,3,426.91,0.23,Card,11
13979,11/22/2032,1663,Clothing,North,7,402.17,0.26,Card,6
13980,11/23/2032,1572,Electronics,South,5,55.24,0.03,Card,10
13981,11/24/2032,1572,Clothing,North,1,226.8,0.01,COD,5
13982,11/25/2032,1353,Electronics,South,5,562.2,0.04,Card,1
13983,11/26/2032,1027,Clothing,East,7,519.61,0.03,Card,11
13984,11/27/2032,1953,Clothing,West,3,182.04,0.19,COD,2
13985,11/28/2032,1042,Electronics,West,1,106.88,0.08,Card,5
13986,11/29/2032,1680,Home,North,1,277.72,0.3,Card,9
13987,11/30/2032,1422,Home,East,7,223.16,0.16,Card,11
13988,12/1/2032,1597,Clothing,West,3,414.1,0.24,Card,5
13989,12/2/2032,1176,Electronics,North,2,580.36,0.23,COD,5
13990,12/3/2032,1528,Home,South,1,227.36,0.11,Card,1
13991,12/4/2032,1609,Beauty,South,3,51.4,0.09,Card,5
13992,12/5/2032,1965,Electronics,East,4,540.1,0.12,Wallet,8
13993,12/6/2032,1493,Electronics,West,5,37.2,0.28,Wallet,9
13994,12/7/2032,1197,Electronics,South,1,572.37,0.21,Wallet,10
13995,12/8/2032,1609,Clothing,North,4,403.78,0.09,Wallet,3
13996,12/9/2032,1576,Electronics,South,1,565.89,0.29,COD,4
13997,12/10/2032,1841,Clothing,South,2,131.8,0.02,COD,7
13998,12/11/2032,1852,Home,West,7,38.81,0.24,COD,7
13999,12/12/2032,1516,Clothing,West,3,300.6,0.15,COD,1
14000,12/13/2032,1513,Clothing,North,1,278.61,0.26,COD,11
14001,12/14/2032,1021,Clothing,East,3,208.92,0.32,Card,6
14002,12/15/2032,1111,Clothing,East,6,575.23,0.26,Wallet,9
14003,12/16/2032,1056,Electronics,South,1,496.21,0.15,COD,5
14004,12/17/2032,1065,Electronics,North,2,402.03,0.05,Wallet,8
14005,12/18/2032,1841,Beauty,East,2,110.27,0.28,Card,11
14006,12/19/2032,1097,Electronics,East,7,444.58,0.16,Card,10
14007,12/20/2032,1143,Home,South,7,440.3,0.03,Card,11
14008,12/21/2032,1879,Beauty,North,4,263.66,0.25,COD,9
14009,12/22/2032,1434,Electronics,East,2,556,0.1,Card,10
14010,12/23/2032,1636,Clothing,West,3,112.68,0.02,Card,10
14011,12/24/2032,1678,Clothing,West,6,171.39,0.32,Card,3
14012,12/25/2032,1085,Beauty,South,2,51.99,0.17,Card,1
14013,12/26/2032,1587,Beauty,South,1,480.34,0.1,COD,2
14014,12/27/2032,1343,Home,South,2,378.73,0.25,Wallet,5
14015,12/28/2032,1935,Electronics,South,6,199.24,0.31,Card,10
14016,12/29/2032,1293,Home,East,3,110.83,0,COD,7
14017,12/30/2032,1955,Clothing,North,1,38.49,0.24,Card,11
14018,12/31/2032,1570,Clothing,South,4,112.55,0.27,Card,6
14019,1/1/2033,1649,Electronics,South,4,280.17,0.07,COD,4
14020,1/2/2033,1610,Electronics,East,4,159.6,0.17,COD,9
14021,1/3/2033,1703,Home,South,7,166.5,0.03,Wallet,11
14022,1/4/2033,1242,Clothing,South,1,527.21,0.26,COD,4
14023,1/5/2033,1830,Electronics,North,4,316.36,0.3,Wallet,3
14024,1/6/2033,1560,Clothing,West,7,441.61,0.04,Card,11
14025,1/7/2033,1959,Beauty,South,2,35.89,0.29,Card,5
14026,1/8/2033,1031,Home,East,1,228.62,0.27,Card,4
14027,1/9/2033,1390,Electronics,North,1,295.31,0.12,COD,2
14028,1/10/2033,1276,Electronics,East,1,124.05,0.24,Card,3
14029,1/11/2033,1531,Electronics,North,5,85.31,0,Card,7
14030,1/12/2033,1153,Beauty,North,7,524.13,0.33,COD,2
14031,1/13/2033,1382,Clothing,South,3,564.57,0.19,Card,1
14032,1/14/2033,1067,Clothing,South,5,61.1,0.22,Card,2
14033,1/15/2033,1877,Clothing,South,5,219.18,0.23,Card,8
14034,1/16/2033,1883,Clothing,West,5,575.6,0.2,Card,8
14035,1/17/2033,1213,Home,West,3,63.65,0.3,COD,10
14036,1/18/2033,1654,Clothing,East,5,391.53,0.21,COD,2
14037,1/19/2033,1375,Electronics,South,4,583.75,0.32,Card,6
14038,1/20/2033,1743,Electronics,West,1,587.26,0.2,Card,11
14039,1/21/2033,1212,Clothing,South,1,290.67,0.06,Wallet,11
14040,1/22/2033,1078,Beauty,West,7,110.21,0.32,COD,11
14041,1/23/2033,1725,Electronics,West,2,133.22,0.24,COD,7
14042,1/24/2033,1627,Beauty,North,6,535.42,0.24,COD,1
14043,1/25/2033,1603,Home,South,4,548.33,0.34,Card,7
14044,1/26/2033,1781,Electronics,South,3,370.61,0.03,Wallet,11
14045,1/27/2033,1922,Electronics,West,6,463.21,0.15,COD,8
14046,1/28/2033,1380,Electronics,South,1,447.86,0.08,Card,9
14047,1/29/2033,1679,Home,West,5,402.17,0.22,Card,8
14048,1/30/2033,1057,Electronics,South,7,498.96,0.28,Card,3
14049,1/31/2033,1795,Clothing,North,7,415.96,0.34,Card,8
14050,2/1/2033,1025,Clothing,South,2,327.39,0.16,Wallet,3
14051,2/2/2033,1880,Home,North,2,153.62,0.28,Wallet,6
14052,2/3/2033,1446,Electronics,East,1,450.17,0.32,Card,4
14053,2/4/2033,1065,Clothing,South,4,291.96,0.24,Card,7
14054,2/5/2033,1920,Clothing,South,7,187.45,0.08,COD,8
14055,2/6/2033,1759,Clothing,South,6,484.14,0.21,Card,10
14056,2/7/2033,1253,Home,North,2,422.58,0.34,COD,6
14057,2/8/2033,1898,Electronics,South,1,563.34,0.35,COD,10
14058,2/9/2033,1967,Home,South,4,111.78,0.22,COD,4
14059,2/10/2033,1043,Home,West,1,394.78,0.31,COD,8
14060,2/11/2033,1096,Clothing,East,1,157.88,0.07,COD,7
14061,2/12/2033,1553,Home,North,4,543.6,0.09,Wallet,10
14062,2/13/2033,1226,Clothing,West,4,73.21,0.33,Card,8
14063,2/14/2033,1773,Electronics,North,4,398.85,0.05,Wallet,10
14064,2/15/2033,1678,Home,West,1,477.79,0.07,Card,7
14065,2/16/2033,1435,Clothing,East,2,222.63,0.15,Card,3
14066,2/17/2033,1790,Clothing,West,3,573.17,0.21,Card,3
14067,2/18/2033,1600,Electronics,North,3,512.68,0.21,COD,9
14068,2/19/2033,1378,Beauty,South,1,187.35,0.1,Card,7
14069,2/20/2033,1177,Clothing,South,1,19.41,0.32,Wallet,1
14070,2/21/2033,1426,Electronics,East,2,188.54,0.32,COD,3
14071,2/22/2033,1914,Clothing,North,4,179.57,0.14,Card,11
14072,2/23/2033,1708,Home,North,1,535.63,0.15,COD,1
14073,2/24/2033,1306,Home,North,7,580.77,0.25,Wallet,6
14074,2/25/2033,1778,Clothing,East,5,56.21,0.23,COD,2
14075,2/26/2033,1503,Beauty,South,4,290.71,0.13,Card,7
14076,2/27/2033,1267,Electronics,West,7,335.77,0.14,Wallet,8
14077,2/28/2033,1585,Clothing,East,1,69.35,0.12,COD,6
14078,3/1/2033,1007,Beauty,West,5,235.84,0.08,Card,5
14079,3/2/2033,1919,Beauty,South,7,200.49,0.16,Card,10
14080,3/3/2033,1507,Home,East,6,328.59,0.24,COD,4
14081,3/4/2033,1475,Beauty,South,2,401.8,0.26,Wallet,9
14082,3/5/2033,1296,Electronics,West,5,426.54,0.27,Card,8
14083,3/6/2033,1163,Beauty,North,1,95,0.13,Card,5
14084,3/7/2033,1484,Electronics,North,3,490.57,0.27,Wallet,1
14085,3/8/2033,1596,Electronics,West,7,411.95,0,Card,8
14086,3/9/2033,1071,Electronics,North,1,535.11,0.17,Wallet,8
14087,3/10/2033,1566,Clothing,West,3,277.86,0.28,Card,7
14088,3/11/2033,1904,Electronics,East,2,537.93,0.22,COD,7
14089,3/12/2033,1558,Electronics,East,2,521.48,0.17,Card,8
14090,3/13/2033,1910,Electronics,East,4,271.47,0.23,Wallet,1
14091,3/14/2033,1943,Electronics,North,7,237.97,0.32,COD,3
14092,3/15/2033,1237,Clothing,South,4,560.7,0.2,Wallet,4
14093,3/16/2033,1103,Clothing,North,3,433.37,0.28,COD,11
14094,3/17/2033,1209,Electronics,North,3,558.02,0.34,Card,6
14095,3/18/2033,1553,Home,South,2,481.23,0.25,Card,10
14096,3/19/2033,1827,Beauty,South,5,371.44,0.2,COD,10
14097,3/20/2033,1467,Home,South,3,82.77,0.01,COD,9
14098,3/21/2033,1453,Electronics,South,3,185.52,0.13,Wallet,4
14099,3/22/2033,1267,Home,North,7,581.77,0.2,Card,6
14100,3/23/2033,1385,Electronics,West,5,201.86,0.28,COD,9
14101,3/24/2033,1774,Electronics,East,4,69.55,0.15,Wallet,9
14102,3/25/2033,1847,Electronics,West,4,428.92,0.34,Card,6
14103,3/26/2033,1386,Home,North,3,444.39,0.1,Wallet,5
14104,3/27/2033,1876,Electronics,South,7,181.99,0.26,Card,3
14105,3/28/2033,1258,Electronics,East,4,189.14,0.15,COD,5
14106,3/29/2033,1282,Electronics,East,4,289.3,0.17,Card,3
14107,3/30/2033,1625,Beauty,West,6,27.75,0.28,Card,5
14108,3/31/2033,1874,Clothing,North,7,476.75,0.1,Card,10
14109,4/1/2033,1039,Electronics,North,4,200.5,0.03,Wallet,10
14110,4/2/2033,1485,Clothing,North,2,514.45,0.18,Wallet,1
14111,4/3/2033,1928,Clothing,East,1,484.54,0.19,Card,6
14112,4/4/2033,1219,Home,West,3,401.92,0.28,Wallet,7
14113,4/5/2033,1128,Electronics,East,3,205.05,0.34,COD,2
14114,4/6/2033,1519,Beauty,East,2,317.05,0.02,Wallet,3
14115,4/7/2033,1612,Electronics,South,1,275.23,0.21,Card,10
14116,4/8/2033,1927,Home,West,1,213.25,0.24,Card,9
14117,4/9/2033,1891,Electronics,South,2,511.16,0.35,COD,8
14118,4/10/2033,1687,Clothing,North,5,297.85,0.33,Card,4
14119,4/11/2033,1618,Clothing,East,5,502.14,0.25,COD,11
14120,4/12/2033,1612,Clothing,West,1,76.55,0.18,Card,8
14121,4/13/2033,1259,Electronics,North,5,97.5,0.06,Card,11
14122,4/14/2033,1989,Home,West,5,586.73,0.13,Card,8
14123,4/15/2033,1965,Electronics,East,5,358.84,0.2,Wallet,6
14124,4/16/2033,1365,Home,West,1,313.22,0.25,Card,1
14125,4/17/2033,1757,Home,North,5,321.05,0.22,Card,2
14126,4/18/2033,1786,Clothing,South,3,140.93,0.25,COD,4
14127,4/19/2033,1543,Home,East,6,435.44,0.15,COD,4
14128,4/20/2033,1648,Home,South,1,64.6,0.25,COD,2
14129,4/21/2033,1523,Clothing,East,2,350.39,0.05,COD,9
14130,4/22/2033,1906,Home,North,5,348.9,0.06,Card,2
14131,4/23/2033,1813,Electronics,East,4,549.8,0.06,Card,6
14132,4/24/2033,1886,Clothing,South,1,322.82,0.31,COD,5
14133,4/25/2033,1015,Home,East,7,95.18,0.03,Wallet,4
14134,4/26/2033,1128,Clothing,North,2,350.06,0.28,COD,6
14135,4/27/2033,1574,Electronics,East,6,68.43,0.08,Card,4
14136,4/28/2033,1108,Clothing,South,3,134.22,0.16,Card,9
14137,4/29/2033,1886,Home,North,7,33.2,0.32,Card,11
14138,4/30/2033,1532,Beauty,South,2,315.28,0.21,COD,10
14139,5/1/2033,1669,Clothing,East,5,64.45,0.07,Card,7
14140,5/2/2033,1268,Home,West,4,289.6,0.1,Card,3
14141,5/3/2033,1161,Beauty,South,5,560.77,0.32,Card,10
14142,5/4/2033,1259,Electronics,East,2,436.06,0.15,COD,4
14143,5/5/2033,1923,Electronics,West,1,60.29,0.21,Card,1
14144,5/6/2033,1101,Home,West,7,146.16,0.16,COD,6
14145,5/7/2033,1505,Home,North,4,409.09,0.13,COD,2
14146,5/8/2033,1734,Beauty,West,7,538.4,0.08,Card,4
14147,5/9/2033,1570,Clothing,South,7,34.26,0.24,COD,5
14148,5/10/2033,1246,Electronics,South,4,490.28,0.25,Card,8
14149,5/11/2033,1639,Clothing,West,2,343.66,0.1,Card,3
14150,5/12/2033,1794,Electronics,East,6,334.46,0.28,COD,6
14151,5/13/2033,1836,Electronics,South,6,575.32,0.3,COD,1
14152,5/14/2033,1536,Home,South,5,452.37,0.32,COD,9
14153,5/15/2033,1130,Electronics,North,2,512.32,0.06,COD,1
14154,5/16/2033,1352,Home,East,4,222.09,0.11,Wallet,2
14155,5/17/2033,1195,Clothing,West,2,339.3,0.3,Card,1
14156,5/18/2033,1792,Clothing,East,4,375.01,0.07,COD,8
14157,5/19/2033,1915,Electronics,North,7,203.13,0,COD,4
14158,5/20/2033,1929,Electronics,North,5,348.6,0.3,Card,2
14159,5/21/2033,1665,Electronics,East,1,153.44,0.11,Card,7
14160,5/22/2033,1381,Beauty,North,7,98.87,0.15,COD,8
14161,5/23/2033,1644,Home,North,1,233.77,0.16,Card,9
14162,5/24/2033,1226,Clothing,North,2,447.48,0.3,Card,5
14163,5/25/2033,1700,Electronics,East,4,550.97,0.12,COD,3
14164,5/26/2033,1475,Beauty,North,1,282.76,0.31,Wallet,1
14165,5/27/2033,1476,Electronics,West,7,391.05,0.22,Wallet,8
14166,5/28/2033,1264,Electronics,West,4,75.28,0.18,Card,6
14167,5/29/2033,1371,Clothing,South,5,544.11,0.11,COD,5
14168,5/30/2033,1485,Beauty,West,7,347.63,0.09,Card,7
14169,5/31/2033,1433,Electronics,South,2,471.5,0.22,Card,5
14170,6/1/2033,1645,Electronics,East,4,479.75,0.16,COD,11
14171,6/2/2033,1210,Beauty,North,2,165.04,0.32,Card,4
14172,6/3/2033,1571,Electronics,West,4,324.57,0.17,Card,5
14173,6/4/2033,1939,Electronics,South,7,576.88,0.18,Wallet,11
14174,6/5/2033,1376,Clothing,East,6,67.44,0.15,Wallet,7
14175,6/6/2033,1394,Beauty,South,6,414.58,0.28,COD,11
14176,6/7/2033,1449,Clothing,North,4,577.92,0.15,Wallet,6
14177,6/8/2033,1942,Beauty,West,5,190.84,0.09,COD,10
14178,6/9/2033,1363,Home,East,2,518.95,0.3,Card,10
14179,6/10/2033,1875,Electronics,South,3,561.19,0.21,COD,11
14180,6/11/2033,1456,Beauty,East,4,452.05,0.21,Card,9
14181,6/12/2033,1724,Clothing,South,4,150.33,0.21,Card,10
14182,6/13/2033,1727,Electronics,South,6,210.39,0.25,Wallet,2
14183,6/14/2033,1225,Clothing,North,1,35.95,0.11,COD,7
14184,6/15/2033,1981,Electronics,North,7,501.4,0.01,Card,1
14185,6/16/2033,1130,Electronics,South,6,512.02,0.28,Card,8
14186,6/17/2033,1587,Electronics,West,2,385.14,0.05,Card,4
14187,6/18/2033,1475,Clothing,East,6,221.23,0.25,Wallet,8
14188,6/19/2033,1797,Home,East,3,59.93,0.03,COD,8
14189,6/20/2033,1985,Clothing,North,5,455.54,0.13,COD,4
14190,6/21/2033,1276,Beauty,West,7,440.02,0.02,COD,4
14191,6/22/2033,1155,Electronics,South,3,548.87,0.18,COD,5
14192,6/23/2033,1759,Electronics,North,5,442.36,0.23,COD,7
14193,6/24/2033,1217,Electronics,South,3,499.79,0.06,COD,6
14194,6/25/2033,1189,Electronics,South,7,451.38,0.13,Wallet,1
14195,6/26/2033,1416,Electronics,North,6,383.95,0.33,Wallet,6
14196,6/27/2033,1980,Home,West,3,264.78,0.15,Wallet,3
14197,6/28/2033,1674,Beauty,East,6,542.74,0.28,COD,9
14198,6/29/2033,1691,Beauty,North,7,395.82,0.32,Wallet,3
14199,6/30/2033,1545,Electronics,West,6,248.04,0.34,Card,9
14200,7/1/2033,1040,Beauty,South,2,63.83,0.31,Wallet,5
14201,7/2/2033,1306,Electronics,North,6,185.06,0.11,Wallet,10
14202,7/3/2033,1942,Electronics,East,1,333.08,0.34,Wallet,8
14203,7/4/2033,1337,Beauty,East,3,176.25,0.28,Wallet,9
14204,7/5/2033,1313,Clothing,South,7,144.42,0.29,Card,9
14205,7/6/2033,1074,Electronics,North,4,323.53,0.01,Card,7
14206,7/7/2033,1952,Clothing,East,4,114.34,0.33,Card,10
14207,7/8/2033,1278,Electronics,North,4,483.24,0.27,COD,1
14208,7/9/2033,1175,Home,East,7,298.36,0.27,Card,8
14209,7/10/2033,1895,Clothing,South,1,350.71,0.03,COD,7
14210,7/11/2033,1661,Beauty,South,6,101.22,0.08,COD,4
14211,7/12/2033,1272,Electronics,North,3,204.88,0.34,COD,6
14212,7/13/2033,1836,Clothing,West,5,254.9,0.18,Wallet,10
14213,7/14/2033,1619,Clothing,West,5,487.8,0.14,COD,2
14214,7/15/2033,1650,Clothing,South,7,465.54,0.29,COD,4
14215,7/16/2033,1861,Electronics,East,2,145.44,0.03,COD,8
14216,7/17/2033,1782,Home,West,1,375.46,0.15,Wallet,4
14217,7/18/2033,1858,Beauty,South,3,157.42,0.13,Card,10
14218,7/19/2033,1930,Beauty,East,6,593.12,0.12,Card,4
14219,7/20/2033,1288,Home,East,4,571.99,0.11,Wallet,4
14220,7/21/2033,1723,Beauty,West,1,344.51,0.07,COD,10
14221,7/22/2033,1892,Clothing,South,1,423.86,0.06,COD,9
14222,7/23/2033,1271,Home,East,3,483.84,0.22,COD,11
14223,7/24/2033,1929,Electronics,East,7,436.78,0.32,Card,2
14224,7/25/2033,1065,Clothing,North,6,424.4,0.18,COD,7
14225,7/26/2033,1482,Electronics,North,7,575.75,0.1,Card,3
14226,7/27/2033,1935,Clothing,West,7,363.93,0.06,COD,4
14227,7/28/2033,1247,Electronics,North,2,387.24,0.29,COD,1
14228,7/29/2033,1155,Beauty,South,7,511.82,0.34,COD,3
14229,7/30/2033,1046,Electronics,West,6,406.89,0.12,COD,2
14230,7/31/2033,1934,Electronics,West,2,443.77,0.1,Wallet,10
14231,8/1/2033,1453,Clothing,North,2,151.99,0.21,COD,7
14232,8/2/2033,1200,Electronics,East,4,232.19,0.27,Wallet,6
14233,8/3/2033,1659,Electronics,South,4,101.17,0.16,COD,1
14234,8/4/2033,1123,Electronics,South,3,310.87,0.22,COD,11
14235,8/5/2033,1000,Clothing,South,6,281.6,0.25,Card,8
14236,8/6/2033,1967,Clothing,West,7,598.34,0.34,Card,9
14237,8/7/2033,1758,Home,South,2,372.56,0.06,COD,1
14238,8/8/2033,1854,Home,East,3,475.07,0.35,Card,5
14239,8/9/2033,1639,Clothing,East,2,210.4,0.14,COD,7
14240,8/10/2033,1190,Electronics,North,1,501.45,0.25,COD,2
14241,8/11/2033,1578,Electronics,South,5,374.82,0.2,Wallet,6
14242,8/12/2033,1515,Home,West,5,422.74,0.17,Wallet,8
14243,8/13/2033,1441,Electronics,North,2,187.24,0.24,Card,8
14244,8/14/2033,1920,Electronics,East,3,335.95,0.14,Card,10
14245,8/15/2033,1814,Home,South,4,385.91,0.04,COD,10
14246,8/16/2033,1805,Clothing,East,6,359.62,0.17,Card,8
14247,8/17/2033,1142,Electronics,North,2,550.39,0.18,Card,6
14248,8/18/2033,1190,Electronics,East,2,540.49,0.07,Wallet,6
14249,8/19/2033,1532,Beauty,South,6,583.03,0.33,Wallet,11
14250,8/20/2033,1226,Beauty,South,7,405.45,0.08,COD,3
14251,8/21/2033,1312,Home,North,4,583.57,0.14,COD,2
14252,8/22/2033,1628,Clothing,South,2,502,0.05,Card,5
14253,8/23/2033,1948,Clothing,East,1,173.44,0.19,COD,9
14254,8/24/2033,1301,Beauty,East,4,265.05,0.11,COD,4
14255,8/25/2033,1653,Beauty,West,1,154.46,0.17,COD,5
14256,8/26/2033,1995,Electronics,West,5,17.46,0.08,Card,6
14257,8/27/2033,1459,Home,West,6,125.01,0.02,Wallet,11
14258,8/28/2033,1400,Electronics,East,4,17.38,0.27,COD,6
14259,8/29/2033,1550,Electronics,East,7,436.11,0.22,COD,4
14260,8/30/2033,1392,Home,North,4,263.94,0.12,Wallet,4
14261,8/31/2033,1866,Clothing,West,3,197.86,0.02,Card,8
14262,9/1/2033,1763,Beauty,East,3,460.61,0.3,Card,5
14263,9/2/2033,1844,Electronics,North,6,502,0.06,Wallet,11
14264,9/3/2033,1206,Clothing,East,7,585.55,0.33,Wallet,5
14265,9/4/2033,1209,Beauty,North,4,390.58,0.17,COD,9
14266,9/5/2033,1114,Beauty,West,5,284.99,0.12,Card,4
14267,9/6/2033,1736,Electronics,West,7,193.58,0.26,COD,7
14268,9/7/2033,1645,Clothing,West,2,145.06,0.31,Card,5
14269,9/8/2033,1250,Clothing,East,6,139.56,0.13,COD,9
14270,9/9/2033,1218,Electronics,East,7,254.38,0.14,Card,8
14271,9/10/2033,1406,Beauty,North,6,595.2,0.15,Wallet,8
14272,9/11/2033,1442,Beauty,South,7,15.5,0.32,COD,10
14273,9/12/2033,1602,Electronics,South,3,130.37,0.24,Wallet,10
14274,9/13/2033,1353,Electronics,West,5,125.21,0.09,Card,3
14275,9/14/2033,1887,Electronics,South,6,434.51,0.06,Card,9
14276,9/15/2033,1557,Beauty,West,5,221.2,0.08,Wallet,8
14277,9/16/2033,1549,Electronics,North,6,282.5,0.09,Card,3
14278,9/17/2033,1141,Clothing,South,3,101.95,0.08,COD,10
14279,9/18/2033,1611,Clothing,South,2,251.92,0.23,Card,1
14280,9/19/2033,1500,Clothing,West,3,75.37,0.04,COD,5
14281,9/20/2033,1839,Electronics,North,6,326.83,0.14,Card,4
14282,9/21/2033,1701,Electronics,South,5,72.29,0.22,Card,8
14283,9/22/2033,1546,Beauty,South,1,477.45,0.1,COD,6
14284,9/23/2033,1658,Beauty,South,3,346.46,0.02,Card,10
14285,9/24/2033,1541,Home,North,5,438.52,0.03,Card,5
14286,9/25/2033,1845,Electronics,North,7,259.83,0.04,COD,9
14287,9/26/2033,1506,Electronics,South,7,238.17,0.29,COD,6
14288,9/27/2033,1595,Clothing,West,3,72.45,0.23,Card,11
14289,9/28/2033,1880,Electronics,West,6,321.46,0.02,COD,11
14290,9/29/2033,1280,Beauty,South,7,315.98,0.14,Wallet,11
14291,9/30/2033,1423,Clothing,North,5,288.84,0.1,Card,11
14292,10/1/2033,1855,Electronics,South,2,448.2,0.2,COD,3
14293,10/2/2033,1269,Beauty,North,5,502.02,0.18,COD,6
14294,10/3/2033,1153,Beauty,South,7,454.21,0.17,Card,11
14295,10/4/2033,1613,Electronics,North,7,99.16,0.11,Card,4
14296,10/5/2033,1726,Clothing,East,4,378.9,0.05,COD,5
14297,10/6/2033,1661,Electronics,West,1,61.99,0.26,COD,6
14298,10/7/2033,1943,Clothing,East,6,421.35,0.31,Card,9
14299,10/8/2033,1082,Electronics,West,5,238.38,0.33,Wallet,3
14300,10/9/2033,1621,Clothing,North,7,92.51,0.02,COD,1
14301,10/10/2033,1946,Beauty,East,6,519.3,0.26,Card,2
14302,10/11/2033,1898,Clothing,West,3,374.19,0.25,COD,8
14303,10/12/2033,1425,Electronics,South,3,222.51,0.33,Wallet,4
14304,10/13/2033,1274,Clothing,North,5,32.98,0.09,Card,7
14305,10/14/2033,1712,Electronics,North,4,329.33,0.26,COD,2
14306,10/15/2033,1283,Beauty,South,7,555.09,0.02,COD,11
14307,10/16/2033,1979,Clothing,South,5,363.88,0.22,Card,10
14308,10/17/2033,1172,Electronics,West,2,583.42,0.12,Card,8
14309,10/18/2033,1326,Electronics,North,4,94.82,0.27,Card,10
14310,10/19/2033,1717,Home,West,7,347.46,0.3,Card,9
14311,10/20/2033,1062,Electronics,South,7,481.9,0.13,Card,7
14312,10/21/2033,1072,Home,North,6,322.44,0.18,Wallet,10
14313,10/22/2033,1762,Electronics,South,5,68.27,0.04,Wallet,11
14314,10/23/2033,1635,Electronics,West,7,355.99,0.15,Card,1
14315,10/24/2033,1374,Clothing,West,6,372.87,0.13,Card,2
14316,10/25/2033,1632,Beauty,West,7,441.29,0.06,Card,9
14317,10/26/2033,1507,Beauty,North,1,460.31,0.31,Card,10
14318,10/27/2033,1786,Electronics,South,4,465.9,0.05,Card,7
14319,10/28/2033,1942,Clothing,South,5,403.11,0.22,Card,11
14320,10/29/2033,1397,Electronics,West,1,141.25,0.31,Wallet,3
14321,10/30/2033,1119,Clothing,West,5,251.48,0.32,Card,5
14322,10/31/2033,1933,Clothing,West,2,469.04,0.28,COD,1
14323,11/1/2033,1436,Beauty,West,3,572.75,0.06,Card,10
14324,11/2/2033,1828,Beauty,East,6,61.18,0.29,Card,3
14325,11/3/2033,1675,Clothing,East,5,328.29,0.1,Wallet,11
14326,11/4/2033,1935,Clothing,East,4,197.83,0.32,Card,4
14327,11/5/2033,1464,Beauty,West,5,146.86,0.25,Wallet,4
14328,11/6/2033,1285,Home,West,5,310.9,0.27,Card,7
14329,11/7/2033,1264,Electronics,South,5,369.56,0.03,COD,5
14330,11/8/2033,1319,Electronics,North,7,20.72,0.2,Wallet,9
14331,11/9/2033,1672,Clothing,South,5,471.42,0.29,Card,7
14332,11/10/2033,1375,Electronics,East,7,494.63,0.3,Card,2
14333,11/11/2033,1819,Electronics,South,4,579.82,0.01,COD,11
14334,11/12/2033,1088,Electronics,West,4,120.68,0.33,Card,11
14335,11/13/2033,1653,Clothing,East,5,362.81,0.02,COD,8
14336,11/14/2033,1202,Electronics,East,7,264.58,0.22,Card,11
14337,11/15/2033,1820,Electronics,North,3,210.87,0.24,Card,2
14338,11/16/2033,1738,Electronics,North,5,345.9,0.04,Card,7
14339,11/17/2033,1954,Home,East,6,472.69,0.02,Wallet,5
14340,11/18/2033,1333,Beauty,East,6,28.49,0.27,Card,10
14341,11/19/2033,1221,Clothing,South,4,582.1,0.13,Card,6
14342,11/20/2033,1040,Clothing,East,6,488.78,0.04,COD,11
14343,11/21/2033,1707,Beauty,West,6,454.42,0.27,Card,4
14344,11/22/2033,1067,Electronics,South,2,459.83,0.3,Card,5
14345,11/23/2033,1987,Electronics,West,5,242.6,0.21,Card,5
14346,11/24/2033,1775,Electronics,West,5,454.7,0.06,COD,7
14347,11/25/2033,1513,Electronics,West,5,241.26,0.01,COD,11
14348,11/26/2033,1872,Clothing,East,5,540.74,0.25,Card,4
14349,11/27/2033,1636,Beauty,North,1,118.68,0.19,Card,5
14350,11/28/2033,1621,Clothing,North,5,186.02,0.23,COD,4
14351,11/29/2033,1597,Clothing,West,7,337.53,0.28,COD,4
14352,11/30/2033,1936,Beauty,East,4,201.74,0.15,Card,8
14353,12/1/2033,1631,Electronics,South,7,263.18,0.04,Card,11
14354,12/2/2033,1126,Electronics,West,4,303.07,0.33,Card,5
14355,12/3/2033,1254,Clothing,South,1,515.97,0.19,COD,9
14356,12/4/2033,1694,Clothing,South,5,321.07,0.22,Wallet,5
14357,12/5/2033,1015,Electronics,East,3,227.04,0.33,Card,8
14358,12/6/2033,1476,Clothing,East,7,159.93,0.33,Card,3
14359,12/7/2033,1061,Clothing,North,5,254.08,0.2,Card,7
14360,12/8/2033,1880,Home,North,4,316.71,0.1,Card,1
14361,12/9/2033,1431,Clothing,East,7,451.48,0.35,Card,5
14362,12/10/2033,1669,Electronics,West,2,85.81,0.24,Wallet,2
14363,12/11/2033,1267,Electronics,North,6,144.64,0.14,Card,8
14364,12/12/2033,1034,Clothing,South,2,237.1,0.2,COD,6
14365,12/13/2033,1778,Electronics,West,3,225.83,0.15,Card,5
14366,12/14/2033,1575,Beauty,South,5,244.17,0.31,Wallet,3
14367,12/15/2033,1493,Clothing,East,1,479.21,0.17,COD,1
14368,12/16/2033,1561,Electronics,South,5,204.63,0.29,Card,10
14369,12/17/2033,1468,Home,West,3,308.61,0.29,Wallet,10
14370,12/18/2033,1766,Clothing,East,3,379.99,0.29,Card,10
14371,12/19/2033,1660,Electronics,West,6,150.82,0.25,COD,11
14372,12/20/2033,1324,Home,South,3,435.44,0.3,Wallet,10
14373,12/21/2033,1303,Beauty,West,2,335.06,0.14,Card,8
14374,12/22/2033,1275,Home,East,6,276.37,0.04,COD,11
14375,12/23/2033,1868,Electronics,South,5,488.72,0.29,Wallet,5
14376,12/24/2033,1962,Clothing,South,7,157.44,0.17,Wallet,9
14377,12/25/2033,1683,Home,North,5,531.66,0.04,COD,11
14378,12/26/2033,1928,Electronics,North,1,343.21,0.04,Card,7
14379,12/27/2033,1200,Electronics,West,3,371.37,0.06,COD,1
14380,12/28/2033,1444,Beauty,North,3,526.91,0.26,COD,11
14381,12/29/2033,1904,Electronics,North,4,493.29,0.25,COD,1
14382,12/30/2033,1323,Home,North,6,366.91,0.07,Wallet,7
14383,12/31/2033,1034,Clothing,North,4,455.61,0.3,Card,11
14384,1/1/2034,1976,Clothing,East,6,268.49,0.1,Card,7
14385,1/2/2034,1481,Electronics,East,2,335.22,0.28,COD,9
14386,1/3/2034,1727,Home,North,6,51.31,0.17,Wallet,2
14387,1/4/2034,1479,Clothing,West,5,67.57,0.26,COD,7
14388,1/5/2034,1064,Clothing,East,1,500.21,0.13,Wallet,2
14389,1/6/2034,1007,Home,North,7,49.91,0.12,Wallet,10
14390,1/7/2034,1300,Home,East,6,114.1,0.29,Wallet,10
14391,1/8/2034,1342,Beauty,South,6,480.56,0.01,Wallet,2
14392,1/9/2034,1430,Clothing,East,6,15.67,0.34,Wallet,5
14393,1/10/2034,1423,Clothing,East,1,180.21,0.23,Wallet,9
14394,1/11/2034,1331,Beauty,West,3,356.66,0.15,COD,9
14395,1/12/2034,1437,Clothing,East,1,363.34,0.22,Card,10
14396,1/13/2034,1587,Electronics,West,3,469.63,0.04,Card,1
14397,1/14/2034,1173,Electronics,South,7,310.97,0.18,Card,11
14398,1/15/2034,1558,Home,North,5,313,0.34,Card,7
14399,1/16/2034,1526,Clothing,West,1,439.31,0.08,Card,10
14400,1/17/2034,1872,Home,East,3,306.7,0.25,Wallet,10
14401,1/18/2034,1658,Clothing,East,5,370.97,0.15,COD,3
14402,1/19/2034,1025,Electronics,West,5,540.2,0.23,Card,10
14403,1/20/2034,1819,Clothing,South,3,249.85,0.07,COD,10
14404,1/21/2034,1604,Electronics,North,3,240.3,0.16,COD,1
14405,1/22/2034,1405,Clothing,East,2,17.08,0.34,Card,2
14406,1/23/2034,1231,Clothing,South,5,373.85,0.07,Wallet,6
14407,1/24/2034,1532,Clothing,North,3,32.42,0.22,Card,10
14408,1/25/2034,1818,Home,North,5,309.93,0.2,COD,2
14409,1/26/2034,1549,Home,East,1,485.48,0.2,Card,2
14410,1/27/2034,1787,Home,West,7,336.7,0.22,COD,4
14411,1/28/2034,1504,Electronics,East,4,172.74,0.18,Wallet,3
14412,1/29/2034,1668,Electronics,East,4,474.91,0.01,Card,8
14413,1/30/2034,1178,Clothing,East,6,172.78,0.32,Wallet,8
14414,1/31/2034,1131,Beauty,South,3,443.82,0.29,Card,6
14415,2/1/2034,1822,Home,West,3,372,0.06,COD,4
14416,2/2/2034,1454,Home,South,5,114.45,0.14,Wallet,7
14417,2/3/2034,1347,Electronics,East,6,544.5,0.27,Wallet,9
14418,2/4/2034,1539,Clothing,West,3,132.38,0.34,Card,2
14419,2/5/2034,1771,Clothing,North,5,593.91,0.33,Card,6
14420,2/6/2034,1405,Electronics,West,3,19.28,0.31,COD,7
14421,2/7/2034,1075,Electronics,East,5,169.14,0.06,Card,1
14422,2/8/2034,1940,Beauty,West,3,131.92,0.32,COD,6
14423,2/9/2034,1578,Electronics,North,2,23.19,0.31,COD,8
14424,2/10/2034,1853,Electronics,North,7,443.44,0.13,COD,7
14425,2/11/2034,1491,Electronics,West,5,420.65,0.14,Card,2
14426,2/12/2034,1193,Beauty,North,7,478.53,0.16,COD,2
14427,2/13/2034,1983,Clothing,South,2,165.17,0.23,Wallet,4
14428,2/14/2034,1161,Home,West,2,274.94,0.09,COD,5
14429,2/15/2034,1346,Beauty,North,2,400.58,0.01,COD,5
14430,2/16/2034,1950,Electronics,North,2,272.26,0.05,Card,11
14431,2/17/2034,1360,Clothing,West,1,422.94,0.15,Card,2
14432,2/18/2034,1768,Electronics,South,7,385.87,0.1,Card,7
14433,2/19/2034,1583,Electronics,West,6,82.07,0.27,COD,8
14434,2/20/2034,1086,Home,North,7,471.91,0.04,Card,2
14435,2/21/2034,1933,Home,West,4,436.6,0.32,COD,4
14436,2/22/2034,1261,Clothing,North,1,398.66,0.31,COD,11
14437,2/23/2034,1213,Clothing,East,3,105.73,0.32,COD,11
14438,2/24/2034,1664,Clothing,West,3,171.78,0.26,Card,3
14439,2/25/2034,1721,Electronics,West,6,245.01,0.04,COD,4
14440,2/26/2034,1912,Electronics,North,4,178.76,0.15,COD,5
14441,2/27/2034,1572,Electronics,North,4,148.27,0.05,Card,6
14442,2/28/2034,1779,Electronics,North,4,486.13,0.35,Card,2
14443,3/1/2034,1261,Home,North,2,388.37,0.12,COD,10
14444,3/2/2034,1729,Electronics,West,1,345.8,0.2,Card,6
14445,3/3/2034,1282,Electronics,North,3,147.18,0.27,Card,9
14446,3/4/2034,1647,Clothing,West,1,552.07,0.32,Card,11
14447,3/5/2034,1466,Beauty,South,1,126.84,0.26,Card,8
14448,3/6/2034,1379,Electronics,West,1,480.05,0.24,Wallet,1
14449,3/7/2034,1361,Electronics,North,4,580.5,0.16,COD,9
14450,3/8/2034,1448,Clothing,North,6,440.35,0.21,COD,11
14451,3/9/2034,1440,Home,South,6,595.82,0.03,Wallet,10
14452,3/10/2034,1092,Clothing,West,4,395.86,0.31,COD,11
14453,3/11/2034,1620,Home,South,3,142.21,0.19,COD,2
14454,3/12/2034,1752,Beauty,West,3,134.23,0.01,Card,11
14455,3/13/2034,1866,Home,North,3,204.87,0.32,COD,1
14456,3/14/2034,1423,Clothing,West,6,19.17,0.17,Card,6
14457,3/15/2034,1141,Clothing,North,6,413.79,0.3,Card,1
14458,3/16/2034,1290,Electronics,North,1,172.17,0.3,Card,6
14459,3/17/2034,1431,Beauty,East,4,491.88,0.29,Card,2
14460,3/18/2034,1748,Clothing,East,2,225.12,0.02,Card,11
14461,3/19/2034,1851,Electronics,West,1,295.77,0.09,Card,7
14462,3/20/2034,1823,Home,North,5,579.93,0.31,Wallet,7
14463,3/21/2034,1688,Electronics,South,6,156.67,0.31,Card,4
14464,3/22/2034,1652,Clothing,North,1,436.93,0.16,Wallet,2
14465,3/23/2034,1700,Clothing,South,4,456.74,0.15,COD,11
14466,3/24/2034,1997,Clothing,West,5,144.28,0.06,COD,7
14467,3/25/2034,1048,Home,West,7,308.08,0.34,Card,1
14468,3/26/2034,1301,Electronics,South,1,219.87,0.07,Wallet,11
14469,3/27/2034,1880,Clothing,South,4,466.57,0.07,Card,11
14470,3/28/2034,1189,Clothing,North,4,379.15,0.23,COD,2
14471,3/29/2034,1135,Home,West,6,293.45,0.08,COD,2
14472,3/30/2034,1554,Home,North,2,470.93,0.33,Card,1
14473,3/31/2034,1403,Clothing,South,1,152.57,0,Card,9
14474,4/1/2034,1891,Clothing,East,4,455.87,0,Card,6
14475,4/2/2034,1864,Electronics,East,3,521.24,0.18,Wallet,3
14476,4/3/2034,1601,Beauty,East,4,528.99,0.17,Wallet,6
14477,4/4/2034,1806,Clothing,South,2,473.45,0.06,Wallet,7
14478,4/5/2034,1340,Home,North,4,253.69,0.17,Card,3
14479,4/6/2034,1756,Electronics,West,6,589.36,0.14,Card,4
14480,4/7/2034,1944,Electronics,South,7,237.06,0.31,Card,10
14481,4/8/2034,1703,Clothing,East,1,388.6,0,Wallet,1
14482,4/9/2034,1317,Beauty,North,6,109.23,0.34,Card,6
14483,4/10/2034,1617,Clothing,West,1,588.56,0.22,Card,6
14484,4/11/2034,1362,Beauty,West,5,426.83,0.05,Wallet,9
14485,4/12/2034,1821,Clothing,South,1,455.73,0.02,COD,2
14486,4/13/2034,1381,Clothing,South,5,53.48,0.19,COD,5
14487,4/14/2034,1232,Electronics,West,6,461.6,0.08,Card,5
14488,4/15/2034,1776,Home,West,3,468.21,0.11,COD,7
14489,4/16/2034,1343,Electronics,East,2,407.99,0.09,Wallet,5
14490,4/17/2034,1548,Beauty,West,3,185.77,0.23,COD,10
14491,4/18/2034,1816,Beauty,South,5,301.47,0.19,Card,4
14492,4/19/2034,1552,Beauty,North,4,79.6,0.03,Card,10
14493,4/20/2034,1528,Clothing,East,4,290.88,0.18,Card,2
14494,4/21/2034,1855,Home,East,3,157.64,0.28,COD,8
14495,4/22/2034,1788,Home,West,4,219.22,0.03,Card,5
14496,4/23/2034,1818,Electronics,North,5,110.12,0.31,COD,4
14497,4/24/2034,1570,Clothing,East,6,149.58,0.2,COD,9
14498,4/25/2034,1934,Electronics,South,2,59.79,0.33,COD,2
14499,4/26/2034,1182,Clothing,West,7,553.14,0.05,Card,3
14500,4/27/2034,1040,Electronics,South,1,325.29,0.35,COD,8
14501,4/28/2034,1550,Electronics,West,5,247.09,0.23,COD,11
14502,4/29/2034,1396,Clothing,East,7,327.99,0.2,Card,4
14503,4/30/2034,1703,Clothing,West,5,382.55,0.18,Wallet,9
14504,5/1/2034,1778,Clothing,North,1,554.3,0.01,Card,10
14505,5/2/2034,1493,Electronics,South,1,119.54,0.33,COD,10
14506,5/3/2034,1658,Clothing,North,2,187.9,0.23,Card,10
14507,5/4/2034,1906,Electronics,South,2,585.84,0.03,COD,10
14508,5/5/2034,1332,Clothing,South,2,232.15,0.01,COD,9
14509,5/6/2034,1126,Clothing,West,4,28.2,0.02,Card,10
14510,5/7/2034,1557,Clothing,East,5,101.37,0.21,COD,9
14511,5/8/2034,1556,Home,East,6,30.41,0.21,COD,1
14512,5/9/2034,1000,Electronics,North,1,594.11,0.17,COD,6
14513,5/10/2034,1167,Home,West,5,178.14,0.11,Card,10
14514,5/11/2034,1619,Clothing,East,7,555.27,0.19,Card,6
14515,5/12/2034,1018,Clothing,South,5,597.59,0.18,COD,8
14516,5/13/2034,1331,Clothing,South,2,365.91,0.01,Card,7
14517,5/14/2034,1583,Electronics,West,2,34.42,0.1,COD,7
14518,5/15/2034,1455,Home,North,5,62.73,0.02,Card,2
14519,5/16/2034,1956,Clothing,West,2,296.73,0.32,Card,11
14520,5/17/2034,1108,Electronics,North,4,252.61,0.25,Wallet,4
14521,5/18/2034,1267,Electronics,West,1,369.61,0.35,COD,1
14522,5/19/2034,1444,Electronics,South,7,271.73,0.11,COD,11
14523,5/20/2034,1239,Beauty,West,5,561.43,0.31,Wallet,11
14524,5/21/2034,1928,Home,East,1,327.82,0.21,COD,7
14525,5/22/2034,1300,Electronics,East,4,420.83,0.16,COD,4
14526,5/23/2034,1601,Clothing,West,7,539.44,0.08,Wallet,9
14527,5/24/2034,1102,Clothing,North,2,100.92,0.26,COD,6
14528,5/25/2034,1987,Home,North,3,149.39,0.32,COD,6
14529,5/26/2034,1249,Electronics,South,4,77.78,0.08,Card,9
14530,5/27/2034,1452,Electronics,South,3,96.69,0.06,Wallet,8
14531,5/28/2034,1519,Beauty,North,1,314.86,0.24,Card,6
14532,5/29/2034,1152,Electronics,West,5,202.89,0.34,Card,6
14533,5/30/2034,1858,Electronics,South,7,262.56,0.26,Card,6
14534,5/31/2034,1173,Beauty,North,2,589.76,0.1,Card,4
14535,6/1/2034,1342,Clothing,North,7,106.67,0.15,Card,5
14536,6/2/2034,1669,Electronics,West,4,331.38,0.13,Wallet,3
14537,6/3/2034,1430,Electronics,East,2,72.84,0.3,COD,9
14538,6/4/2034,1726,Electronics,North,3,201.32,0.27,Card,11
14539,6/5/2034,1688,Electronics,South,3,323.6,0.21,COD,2
14540,6/6/2034,1686,Beauty,West,6,568.78,0.1,COD,11
14541,6/7/2034,1851,Clothing,West,7,243.87,0.33,COD,7
14542,6/8/2034,1849,Home,West,5,52.97,0.23,Card,1
14543,6/9/2034,1657,Beauty,East,3,242.07,0.34,Wallet,10
14544,6/10/2034,1961,Clothing,East,5,100.26,0.2,Card,7
14545,6/11/2034,1323,Electronics,South,6,149.54,0.29,Card,2
14546,6/12/2034,1989,Clothing,South,4,376.58,0.28,Card,5
14547,6/13/2034,1672,Beauty,West,6,54.44,0.12,COD,1
14548,6/14/2034,1638,Home,South,5,286.86,0.34,COD,5
14549,6/15/2034,1419,Electronics,North,3,371.54,0.01,Card,11
14550,6/16/2034,1593,Home,East,1,261.79,0.27,Card,4
14551,6/17/2034,1484,Clothing,West,5,26.19,0.34,COD,1
14552,6/18/2034,1658,Beauty,West,2,591.53,0.12,COD,1
14553,6/19/2034,1750,Electronics,North,1,229.76,0.23,Card,7
14554,6/20/2034,1411,Clothing,North,7,470.47,0.2,Wallet,3
14555,6/21/2034,1935,Beauty,North,5,205.5,0.27,Wallet,10
14556,6/22/2034,1083,Clothing,North,2,292.88,0.3,Card,9
14557,6/23/2034,1112,Clothing,West,7,242.25,0.21,COD,9
14558,6/24/2034,1736,Electronics,East,6,215.39,0.29,Card,10
14559,6/25/2034,1331,Electronics,East,1,27.78,0.11,COD,11
14560,6/26/2034,1377,Electronics,North,5,225.61,0.08,Card,9
14561,6/27/2034,1754,Beauty,South,4,535.35,0.15,Card,1
14562,6/28/2034,1654,Electronics,West,6,418.88,0.24,COD,4
14563,6/29/2034,1040,Clothing,East,2,100.07,0.07,Wallet,1
14564,6/30/2034,1934,Home,North,4,360.83,0.24,Card,1
14565,7/1/2034,1769,Electronics,South,3,536.96,0.14,Card,9
14566,7/2/2034,1958,Clothing,South,6,424.52,0.28,Card,5
14567,7/3/2034,1796,Home,North,6,101.98,0.01,COD,1
14568,7/4/2034,1104,Beauty,West,5,522.68,0.23,COD,11
14569,7/5/2034,1201,Clothing,East,5,191.4,0.23,COD,3
14570,7/6/2034,1449,Home,South,2,280.63,0.33,COD,7
14571,7/7/2034,1818,Electronics,East,6,322.79,0.25,COD,2
14572,7/8/2034,1842,Beauty,East,5,512.55,0.28,COD,4
14573,7/9/2034,1972,Electronics,South,3,559.99,0.32,COD,2
14574,7/10/2034,1265,Home,North,7,558.85,0.24,COD,9
14575,7/11/2034,1909,Electronics,South,7,19.65,0.1,Wallet,9
14576,7/12/2034,1209,Beauty,South,7,554.3,0.3,Card,7
14577,7/13/2034,1562,Home,West,5,46.82,0.26,Card,7
14578,7/14/2034,1117,Home,East,6,170.48,0.15,Card,2
14579,7/15/2034,1712,Electronics,North,7,316.27,0.25,Wallet,10
14580,7/16/2034,1376,Clothing,East,1,295.76,0.3,Card,8
14581,7/17/2034,1550,Clothing,South,4,368.76,0.34,Card,1
14582,7/18/2034,1539,Home,North,6,295.48,0.33,Wallet,8
14583,7/19/2034,1770,Electronics,North,3,561.61,0.11,Wallet,5
14584,7/20/2034,1083,Beauty,North,6,155.72,0.15,Wallet,4
14585,7/21/2034,1453,Beauty,North,3,175.3,0.04,Card,10
14586,7/22/2034,1666,Electronics,West,6,553.63,0.09,Wallet,2
14587,7/23/2034,1628,Home,North,7,59.89,0.31,Card,3
14588,7/24/2034,1513,Clothing,South,4,371.59,0.13,Card,10
14589,7/25/2034,1604,Clothing,West,4,413.82,0.22,Card,2
14590,7/26/2034,1677,Electronics,South,3,310.74,0.23,COD,11
14591,7/27/2034,1386,Clothing,South,6,421.13,0.27,Card,4
14592,7/28/2034,1911,Home,East,4,116.06,0.06,COD,3
14593,7/29/2034,1349,Clothing,North,2,513.79,0.11,Wallet,5
14594,7/30/2034,1295,Clothing,North,6,96.92,0.16,Card,7
14595,7/31/2034,1257,Home,South,4,249.48,0.13,Card,9
14596,8/1/2034,1080,Home,North,1,59.03,0.34,Card,5
14597,8/2/2034,1936,Electronics,West,1,333.95,0.29,Wallet,8
14598,8/3/2034,1267,Beauty,East,2,406.8,0.17,Card,2
14599,8/4/2034,1418,Clothing,North,4,565.61,0.31,Card,6
14600,8/5/2034,1234,Electronics,North,1,447.51,0.12,Card,8
14601,8/6/2034,1832,Electronics,West,7,331.55,0.28,Wallet,9
14602,8/7/2034,1310,Clothing,East,6,560.58,0.08,Card,11
14603,8/8/2034,1812,Beauty,West,5,294.89,0.27,Card,4
14604,8/9/2034,1974,Clothing,South,4,343.31,0.16,Card,4
14605,8/10/2034,1985,Home,South,2,363.72,0.04,Wallet,7
14606,8/11/2034,1356,Electronics,North,4,254.84,0.1,Card,4
14607,8/12/2034,1212,Clothing,East,3,505.51,0.14,COD,5
14608,8/13/2034,1573,Beauty,South,3,123.33,0.26,Card,2
14609,8/14/2034,1048,Home,West,1,339.58,0.03,Wallet,2
14610,8/15/2034,1126,Electronics,South,3,437.51,0.23,COD,11
14611,8/16/2034,1222,Clothing,South,2,543.83,0.25,COD,10
14612,8/17/2034,1920,Electronics,West,1,532.09,0.23,Card,5
14613,8/18/2034,1278,Clothing,North,2,312.61,0.27,Card,10
14614,8/19/2034,1407,Home,East,6,391.25,0.06,Card,10
14615,8/20/2034,1504,Home,North,2,245.63,0.21,COD,2
14616,8/21/2034,1293,Electronics,West,3,288.88,0.33,Wallet,6
14617,8/22/2034,1795,Beauty,South,6,545.17,0.21,Card,6
14618,8/23/2034,1276,Clothing,East,3,559.46,0.21,Wallet,8
14619,8/24/2034,1437,Clothing,North,2,538.82,0.26,Card,1
14620,8/25/2034,1106,Clothing,West,3,95.95,0.12,Wallet,7
14621,8/26/2034,1657,Clothing,South,3,512.3,0.25,Card,7
14622,8/27/2034,1419,Clothing,South,3,569.79,0.32,Card,9
14623,8/28/2034,1610,Clothing,North,4,226.33,0,COD,4
14624,8/29/2034,1428,Clothing,West,6,318.41,0.3,COD,7
14625,8/30/2034,1374,Electronics,South,6,470.77,0.08,COD,6
14626,8/31/2034,1072,Home,South,7,343.82,0.16,COD,4
14627,9/1/2034,1948,Clothing,East,6,596.19,0.3,COD,10
14628,9/2/2034,1997,Electronics,South,7,281.59,0.29,Card,8
14629,9/3/2034,1633,Home,North,2,432.66,0.31,Card,3
14630,9/4/2034,1029,Beauty,West,7,478.67,0.33,Card,8
14631,9/5/2034,1187,Beauty,West,7,304.05,0.16,COD,5
14632,9/6/2034,1363,Clothing,East,5,516.34,0.23,COD,4
14633,9/7/2034,1865,Electronics,West,2,334.5,0.14,COD,3
14634,9/8/2034,1799,Clothing,North,6,255.82,0.12,COD,10
14635,9/9/2034,1450,Electronics,South,1,78.08,0.15,Card,7
14636,9/10/2034,1194,Beauty,East,3,245.15,0.26,COD,7
14637,9/11/2034,1155,Electronics,West,3,444.35,0.18,Card,6
14638,9/12/2034,1171,Electronics,East,5,553.95,0.28,COD,3
14639,9/13/2034,1846,Clothing,East,1,162.23,0.26,Card,9
14640,9/14/2034,1040,Clothing,West,4,222.81,0.01,COD,11
14641,9/15/2034,1062,Home,East,7,105.07,0.22,COD,2
14642,9/16/2034,1022,Clothing,West,2,419.07,0.15,Card,3
14643,9/17/2034,1359,Electronics,North,4,576.71,0.16,COD,1
14644,9/18/2034,1074,Electronics,West,1,389.96,0.29,Card,7
14645,9/19/2034,1559,Clothing,South,5,375.99,0.19,Card,2
14646,9/20/2034,1671,Electronics,West,1,338.79,0.31,COD,10
14647,9/21/2034,1824,Clothing,South,5,66.75,0.25,Wallet,8
14648,9/22/2034,1117,Clothing,East,4,441.76,0.19,Card,9
14649,9/23/2034,1611,Home,West,4,367.2,0.26,Card,11
14650,9/24/2034,1379,Beauty,South,1,401.96,0.01,COD,2
14651,9/25/2034,1928,Beauty,West,1,540.8,0.01,COD,6
14652,9/26/2034,1919,Beauty,West,7,473.62,0.03,Card,11
14653,9/27/2034,1678,Electronics,West,3,471.84,0.15,Wallet,1
14654,9/28/2034,1289,Electronics,North,5,557.4,0.08,COD,8
14655,9/29/2034,1439,Electronics,South,3,594.11,0.34,Card,5
14656,9/30/2034,1667,Beauty,North,2,355.05,0.19,Card,9
14657,10/1/2034,1932,Beauty,North,2,78.7,0.23,COD,3
14658,10/2/2034,1006,Beauty,South,1,283.59,0.1,COD,2
14659,10/3/2034,1195,Electronics,West,4,475.75,0.11,Card,7
14660,10/4/2034,1420,Beauty,North,2,31.22,0.12,Wallet,11
14661,10/5/2034,1567,Clothing,North,2,48.28,0.24,Card,7
14662,10/6/2034,1832,Electronics,North,3,54.29,0.17,COD,10
14663,10/7/2034,1192,Clothing,West,3,442.66,0.18,Card,5
14664,10/8/2034,1558,Electronics,North,7,308.18,0.21,Wallet,7
14665,10/9/2034,1147,Clothing,East,7,230.81,0.27,COD,6
14666,10/10/2034,1786,Electronics,South,2,76.79,0.03,Card,9
14667,10/11/2034,1668,Clothing,East,1,443.36,0.27,Wallet,3
14668,10/12/2034,1201,Clothing,West,3,202.8,0.2,Card,4
14669,10/13/2034,1443,Beauty,North,2,170.21,0.23,COD,9
14670,10/14/2034,1913,Home,South,4,396.61,0.11,Wallet,10
14671,10/15/2034,1987,Clothing,North,3,342.02,0.14,COD,8
14672,10/16/2034,1418,Home,West,2,227.01,0.08,Wallet,10
14673,10/17/2034,1426,Beauty,South,7,390.27,0.34,Wallet,6
14674,10/18/2034,1478,Electronics,East,5,173.66,0.17,Wallet,3
14675,10/19/2034,1474,Clothing,South,3,479.98,0.35,Card,9
14676,10/20/2034,1125,Electronics,North,5,149.15,0.17,Card,9
14677,10/21/2034,1394,Electronics,South,3,107.92,0.08,COD,11
14678,10/22/2034,1816,Home,West,3,472.73,0.18,COD,6
14679,10/23/2034,1880,Beauty,West,7,429.12,0.01,COD,2
14680,10/24/2034,1805,Electronics,South,6,121.84,0.32,Card,7
14681,10/25/2034,1575,Home,West,6,83,0.29,Wallet,9
14682,10/26/2034,1324,Beauty,West,5,505.46,0.25,Wallet,9
14683,10/27/2034,1391,Beauty,West,1,469.31,0.21,Card,3
14684,10/28/2034,1929,Electronics,East,2,206.45,0.2,Card,2
14685,10/29/2034,1687,Beauty,North,1,400.05,0.35,Card,5
14686,10/30/2034,1627,Electronics,West,1,87.63,0.1,Card,11
14687,10/31/2034,1439,Clothing,South,6,311.62,0.27,COD,10
14688,11/1/2034,1203,Electronics,West,2,25.96,0.2,Wallet,7
14689,11/2/2034,1485,Electronics,East,6,244.09,0.34,Card,3
14690,11/3/2034,1832,Home,South,6,58.78,0.29,COD,4
14691,11/4/2034,1030,Clothing,North,7,292.96,0.35,COD,10
14692,11/5/2034,1387,Electronics,South,6,261.68,0.21,Card,2
14693,11/6/2034,1624,Electronics,South,4,274.97,0.07,COD,11
14694,11/7/2034,1876,Home,South,1,41.52,0.18,COD,10
14695,11/8/2034,1433,Electronics,South,7,226.55,0.25,Wallet,2
14696,11/9/2034,1836,Home,West,7,457.54,0.27,COD,7
14697,11/10/2034,1925,Electronics,North,1,230.81,0,COD,2
14698,11/11/2034,1375,Electronics,West,7,433.38,0.18,Card,1
14699,11/12/2034,1343,Clothing,East,1,231.15,0.08,Card,4
14700,11/13/2034,1442,Clothing,East,4,262.6,0.31,Card,6
14701,11/14/2034,1578,Clothing,South,3,344.88,0.05,Card,10
14702,11/15/2034,1074,Electronics,West,7,571.15,0.23,Card,10
14703,11/16/2034,1556,Beauty,West,5,78.68,0.09,Card,4
14704,11/17/2034,1771,Clothing,North,5,34.25,0.12,COD,1
14705,11/18/2034,1665,Electronics,North,4,370.65,0.33,COD,1
14706,11/19/2034,1154,Clothing,North,1,570.22,0.08,Card,9
14707,11/20/2034,1429,Beauty,West,5,593.99,0.03,Card,1
14708,11/21/2034,1362,Electronics,North,4,298.24,0.02,COD,7
14709,11/22/2034,1447,Electronics,North,6,288.83,0.18,Card,11
14710,11/23/2034,1986,Home,North,2,392.3,0.22,Card,7
14711,11/24/2034,1233,Clothing,South,5,340.05,0.11,COD,1
14712,11/25/2034,1562,Clothing,East,2,385.94,0.24,Card,1
14713,11/26/2034,1817,Electronics,East,1,526.29,0.02,Card,6
14714,11/27/2034,1261,Electronics,West,5,451.59,0.3,Card,8
14715,11/28/2034,1826,Clothing,West,4,305.67,0.29,Card,7
14716,11/29/2034,1124,Electronics,South,3,285.19,0.34,Wallet,6
14717,11/30/2034,1910,Clothing,East,5,389.17,0.33,Card,10
14718,12/1/2034,1244,Clothing,North,5,281.59,0.12,COD,3
14719,12/2/2034,1541,Electronics,North,5,282.8,0.14,COD,11
14720,12/3/2034,1937,Beauty,West,5,24.54,0.26,Card,7
14721,12/4/2034,1484,Home,East,4,116.83,0.05,Card,6
14722,12/5/2034,1121,Home,West,4,300.78,0.11,Wallet,8
14723,12/6/2034,1124,Electronics,West,3,496.25,0.04,Wallet,4
14724,12/7/2034,1548,Electronics,North,4,178.06,0.16,Card,9
14725,12/8/2034,1169,Clothing,North,4,320.75,0.19,Card,1
14726,12/9/2034,1123,Electronics,East,1,216.8,0.07,COD,7
14727,12/10/2034,1868,Beauty,West,7,76.31,0.01,Card,9
14728,12/11/2034,1034,Electronics,South,1,575.6,0.25,Card,10
14729,12/12/2034,1086,Clothing,East,7,514.98,0.01,Card,1
14730,12/13/2034,1645,Clothing,West,2,60.92,0.34,Card,10
14731,12/14/2034,1707,Clothing,East,3,436.08,0.08,Card,3
14732,12/15/2034,1785,Electronics,East,7,218.33,0.23,COD,7
14733,12/16/2034,1200,Clothing,East,1,596.99,0.15,COD,9
14734,12/17/2034,1368,Electronics,South,3,191.9,0.02,COD,1
14735,12/18/2034,1796,Beauty,South,3,154.66,0.17,Card,6
14736,12/19/2034,1076,Electronics,North,5,347.22,0.18,Card,11
14737,12/20/2034,1058,Beauty,North,6,503.55,0.3,COD,2
14738,12/21/2034,1430,Home,West,6,127.62,0.26,Card,5
14739,12/22/2034,1637,Electronics,East,6,430,0.03,Card,7
14740,12/23/2034,1499,Home,West,3,50.92,0.07,Card,7
14741,12/24/2034,1912,Electronics,North,5,552.58,0.11,Card,10
14742,12/25/2034,1108,Beauty,South,2,62.43,0.04,Wallet,7
14743,12/26/2034,1735,Clothing,North,2,549.83,0.16,COD,4
14744,12/27/2034,1277,Electronics,West,6,302.12,0.34,Card,6
14745,12/28/2034,1067,Clothing,North,2,277.13,0.18,COD,11
14746,12/29/2034,1068,Electronics,West,5,584.38,0.26,Card,10
14747,12/30/2034,1164,Beauty,West,6,594.37,0.24,Card,6
14748,12/31/2034,1488,Electronics,West,7,395.35,0.3,Card,7
14749,1/1/2035,1304,Home,West,7,89.36,0.08,COD,9
14750,1/2/2035,1908,Clothing,North,5,311.11,0.26,Card,6
14751,1/3/2035,1673,Beauty,West,2,324.56,0.31,Card,10
14752,1/4/2035,1364,Electronics,West,6,315.95,0.06,Card,1
14753,1/5/2035,1853,Clothing,East,7,348.15,0.12,Card,8
14754,1/6/2035,1820,Clothing,West,5,25.95,0.34,COD,2
14755,1/7/2035,1378,Home,North,4,431.07,0.27,Wallet,3
14756,1/8/2035,1342,Electronics,West,7,431.75,0.1,COD,5
14757,1/9/2035,1946,Electronics,South,4,82.55,0.2,COD,6
14758,1/10/2035,1898,Electronics,South,5,348.59,0.14,Wallet,7
14759,1/11/2035,1553,Home,West,5,347.49,0.17,Card,4
14760,1/12/2035,1353,Electronics,South,1,414.23,0.12,Card,3
14761,1/13/2035,1415,Clothing,South,7,64.96,0.1,Card,9
14762,1/14/2035,1108,Electronics,North,1,381.5,0.24,Card,4
14763,1/15/2035,1562,Beauty,East,3,179.24,0.27,Card,9
14764,1/16/2035,1761,Beauty,South,7,311.6,0.31,Card,9
14765,1/17/2035,1496,Clothing,South,6,467.39,0.05,Card,11
14766,1/18/2035,1340,Clothing,East,3,427.8,0.29,COD,3
14767,1/19/2035,1941,Electronics,East,3,84.56,0.09,Wallet,3
14768,1/20/2035,1382,Electronics,South,2,360.84,0.15,Card,11
14769,1/21/2035,1532,Electronics,West,4,581.93,0.32,Card,8
14770,1/22/2035,1299,Home,South,2,106.71,0.16,COD,1
14771,1/23/2035,1138,Clothing,West,6,513.95,0.07,Card,6
14772,1/24/2035,1358,Beauty,West,5,425.99,0.06,Card,6
14773,1/25/2035,1835,Clothing,West,1,467.79,0.17,Card,9
14774,1/26/2035,1498,Home,East,6,179.95,0.27,COD,2
14775,1/27/2035,1384,Clothing,South,5,183.42,0.35,Wallet,8
14776,1/28/2035,1603,Clothing,South,6,545.02,0.28,COD,7
14777,1/29/2035,1958,Electronics,North,5,225.5,0.31,Card,2
14778,1/30/2035,1279,Clothing,East,7,51.86,0.26,Card,1
14779,1/31/2035,1636,Clothing,North,1,366.35,0.31,Card,4
14780,2/1/2035,1482,Home,North,5,88.02,0.03,Wallet,2
14781,2/2/2035,1908,Beauty,West,3,481.01,0.33,COD,3
14782,2/3/2035,1110,Electronics,East,6,390.42,0.14,Card,2
14783,2/4/2035,1865,Electronics,North,1,526.72,0.32,COD,9
14784,2/5/2035,1138,Clothing,South,5,474.13,0.03,Card,4
14785,2/6/2035,1995,Clothing,North,3,80.59,0.25,Wallet,1
14786,2/7/2035,1434,Electronics,East,3,237.93,0.26,Wallet,8
14787,2/8/2035,1508,Home,South,7,468.12,0.35,Card,4
14788,2/9/2035,1272,Beauty,South,4,259.14,0.27,COD,10
14789,2/10/2035,1098,Beauty,South,3,583.83,0.13,COD,11
14790,2/11/2035,1763,Electronics,West,2,445.41,0.2,Card,11
14791,2/12/2035,1849,Beauty,South,1,24.07,0.13,COD,8
14792,2/13/2035,1103,Home,West,1,529.79,0.07,COD,8
14793,2/14/2035,1213,Clothing,West,1,73.97,0.09,Card,9
14794,2/15/2035,1760,Clothing,North,5,97.21,0.08,COD,10
14795,2/16/2035,1663,Home,North,6,444.68,0.19,COD,7
14796,2/17/2035,1761,Clothing,South,5,521.01,0.32,Card,4
14797,2/18/2035,1786,Clothing,East,2,328.76,0.32,Card,2
14798,2/19/2035,1164,Clothing,South,6,184.09,0.02,COD,6
14799,2/20/2035,1998,Clothing,North,7,220.52,0.03,Card,4
14800,2/21/2035,1852,Electronics,South,3,215.59,0.09,Wallet,6
14801,2/22/2035,1519,Beauty,North,5,206.11,0.09,Card,8
14802,2/23/2035,1283,Home,South,6,157.1,0.03,Card,3
14803,2/24/2035,1516,Clothing,East,3,371.19,0.14,Card,1
14804,2/25/2035,1656,Electronics,South,6,541.74,0.21,COD,5
14805,2/26/2035,1612,Clothing,East,3,194.64,0.2,COD,3
14806,2/27/2035,1163,Electronics,East,6,124.22,0.19,Card,6
14807,2/28/2035,1885,Electronics,South,5,505.57,0.12,Card,3
14808,3/1/2035,1658,Clothing,East,5,448.94,0.25,Wallet,1
14809,3/2/2035,1063,Clothing,East,2,559.54,0.29,Card,9
14810,3/3/2035,1090,Clothing,North,7,111.83,0.12,Card,5
14811,3/4/2035,1116,Electronics,North,7,99.39,0.03,Card,2
14812,3/5/2035,1865,Clothing,East,4,331.74,0.1,Card,2
14813,3/6/2035,1266,Electronics,West,1,374.44,0.05,Card,11
14814,3/7/2035,1821,Beauty,South,5,295.9,0.16,Card,9
14815,3/8/2035,1684,Clothing,East,5,365.4,0.05,Card,1
14816,3/9/2035,1558,Home,South,3,120.52,0.16,Wallet,10
14817,3/10/2035,1139,Electronics,North,4,295.57,0.08,Card,3
14818,3/11/2035,1245,Electronics,South,7,399.98,0.26,COD,10
14819,3/12/2035,1660,Beauty,East,5,268.13,0.01,COD,11
14820,3/13/2035,1757,Electronics,East,6,412.48,0.19,Card,7
14821,3/14/2035,1394,Clothing,East,7,278.95,0.06,COD,1
14822,3/15/2035,1486,Clothing,East,4,210.16,0,Card,2
14823,3/16/2035,1475,Electronics,West,1,192.61,0.3,Card,6
14824,3/17/2035,1516,Home,West,6,255.38,0.24,Wallet,9
14825,3/18/2035,1976,Clothing,West,3,28.51,0.03,COD,9
14826,3/19/2035,1183,Electronics,East,2,406.09,0.23,Wallet,8
14827,3/20/2035,1019,Electronics,West,6,509.39,0.21,Wallet,3
14828,3/21/2035,1936,Electronics,South,7,222.46,0.17,Card,2
14829,3/22/2035,1557,Beauty,East,1,41.93,0.15,Card,1
14830,3/23/2035,1523,Home,North,6,592.26,0.31,Card,11
14831,3/24/2035,1581,Electronics,East,4,169.26,0.09,Wallet,11
14832,3/25/2035,1528,Electronics,South,4,89.07,0.14,Wallet,9
14833,3/26/2035,1882,Home,West,1,231.31,0.12,COD,5
14834,3/27/2035,1146,Clothing,East,7,447.06,0.27,Card,3
14835,3/28/2035,1665,Clothing,West,4,186.94,0.32,Card,10
14836,3/29/2035,1303,Clothing,East,6,351.2,0.3,Wallet,10
14837,3/30/2035,1619,Electronics,South,2,258.1,0.28,Wallet,11
14838,3/31/2035,1747,Home,East,6,83.89,0.35,Card,5
14839,4/1/2035,1819,Beauty,West,2,208.22,0.24,Card,11
14840,4/2/2035,1863,Electronics,West,4,439.05,0.26,Card,3
14841,4/3/2035,1581,Clothing,South,6,373.02,0.34,Card,9
14842,4/4/2035,1694,Clothing,East,4,85.07,0,Wallet,1
14843,4/5/2035,1761,Clothing,North,7,110.54,0.22,COD,1
14844,4/6/2035,1227,Electronics,East,2,389.83,0.26,COD,3
14845,4/7/2035,1101,Home,South,7,490.85,0.32,Card,6
14846,4/8/2035,1586,Clothing,North,4,219.44,0.31,Card,11
14847,4/9/2035,1416,Clothing,South,5,363.26,0.29,Card,2
14848,4/10/2035,1957,Electronics,East,3,114.83,0.33,COD,1
14849,4/11/2035,1215,Electronics,North,6,197.16,0.19,COD,8
14850,4/12/2035,1406,Electronics,South,5,26.86,0,Card,11
14851,4/13/2035,1398,Home,West,7,464.44,0,Card,10
14852,4/14/2035,1922,Electronics,North,4,249.59,0.19,Card,9
14853,4/15/2035,1714,Home,North,4,492.43,0.15,Card,10
14854,4/16/2035,1703,Clothing,South,3,429.4,0.16,COD,1
14855,4/17/2035,1760,Clothing,West,4,499.82,0.14,COD,3
14856,4/18/2035,1498,Clothing,North,3,182.11,0.32,Card,5
14857,4/19/2035,1753,Clothing,South,6,123.29,0.13,Wallet,7
14858,4/20/2035,1464,Electronics,North,2,583.56,0.3,COD,10
14859,4/21/2035,1690,Electronics,North,3,434.64,0.32,Card,4
14860,4/22/2035,1948,Home,North,3,502.91,0.17,Card,6
14861,4/23/2035,1973,Home,West,5,22.68,0.16,Wallet,1
14862,4/24/2035,1730,Electronics,East,4,222.36,0.27,COD,4
14863,4/25/2035,1081,Clothing,East,6,449.55,0.25,Card,8
14864,4/26/2035,1603,Electronics,West,2,60.62,0.11,COD,5
14865,4/27/2035,1946,Electronics,West,1,346.89,0.04,Card,8
14866,4/28/2035,1686,Electronics,South,7,266.01,0.09,Wallet,1
14867,4/29/2035,1750,Beauty,North,3,25.31,0.05,Wallet,10
14868,4/30/2035,1771,Electronics,West,1,153.05,0.1,COD,9
14869,5/1/2035,1902,Electronics,South,4,181.6,0.09,COD,4
14870,5/2/2035,1364,Electronics,East,7,80.44,0.22,Card,9
14871,5/3/2035,1162,Electronics,East,3,384.45,0.33,COD,8
14872,5/4/2035,1047,Clothing,East,1,156.8,0.24,COD,8
14873,5/5/2035,1510,Electronics,East,5,177.41,0.32,COD,2
14874,5/6/2035,1328,Electronics,South,1,540.47,0.27,COD,3
14875,5/7/2035,1839,Clothing,North,7,288.27,0.25,Wallet,10
14876,5/8/2035,1115,Electronics,South,5,244.39,0.14,Card,9
14877,5/9/2035,1940,Home,North,7,438.46,0.11,Card,3
14878,5/10/2035,1848,Clothing,East,2,547.12,0.3,COD,8
14879,5/11/2035,1336,Electronics,West,4,29.65,0.32,Wallet,5
14880,5/12/2035,1880,Home,West,6,277.22,0.16,Wallet,7
14881,5/13/2035,1736,Electronics,West,1,372.31,0,COD,4
14882,5/14/2035,1863,Clothing,North,3,201.36,0.28,Wallet,8
14883,5/15/2035,1839,Clothing,East,7,466.86,0.1,COD,4
14884,5/16/2035,1146,Electronics,South,7,583.31,0,Card,5
14885,5/17/2035,1574,Clothing,West,4,566.91,0.28,COD,1
14886,5/18/2035,1805,Beauty,North,1,170.6,0.18,Card,10
14887,5/19/2035,1322,Beauty,West,3,147.41,0.24,Card,8
14888,5/20/2035,1442,Clothing,South,3,575.13,0.32,Card,7
14889,5/21/2035,1836,Clothing,East,7,283.3,0.19,Card,11
14890,5/22/2035,1012,Electronics,South,6,136.85,0.18,Card,5
14891,5/23/2035,1942,Electronics,East,7,428.59,0.1,Card,6
14892,5/24/2035,1493,Clothing,East,6,181.39,0.11,Card,1
14893,5/25/2035,1700,Clothing,East,7,171.34,0.28,Card,8
14894,5/26/2035,1286,Beauty,West,7,529.36,0.16,COD,9
14895,5/27/2035,1719,Clothing,South,3,110.05,0.06,COD,11
14896,5/28/2035,1113,Clothing,West,6,52.67,0.03,Wallet,5
14897,5/29/2035,1479,Clothing,South,3,172.47,0.17,Wallet,10
14898,5/30/2035,1021,Home,North,1,370.06,0.16,Card,7
14899,5/31/2035,1348,Home,North,7,87.01,0.23,COD,10
14900,6/1/2035,1725,Clothing,South,2,290.88,0.16,Card,4
14901,6/2/2035,1682,Electronics,South,6,381.99,0.05,Card,6
14902,6/3/2035,1834,Home,South,5,511.51,0.18,COD,2
14903,6/4/2035,1565,Electronics,South,5,149.47,0.32,COD,4
14904,6/5/2035,1905,Beauty,East,5,493.15,0.06,Wallet,5
14905,6/6/2035,1809,Clothing,West,2,152.42,0.24,COD,9
14906,6/7/2035,1319,Clothing,East,3,410.91,0.21,Card,9
14907,6/8/2035,1125,Clothing,West,3,266.94,0.26,Wallet,8
14908,6/9/2035,1276,Home,West,4,82.09,0.05,COD,4
14909,6/10/2035,1975,Electronics,West,5,432.84,0.33,Wallet,6
14910,6/11/2035,1203,Beauty,East,5,142.39,0.22,COD,7
14911,6/12/2035,1193,Clothing,South,3,118.32,0.3,Card,1
14912,6/13/2035,1680,Electronics,East,5,224.62,0.09,Card,1
14913,6/14/2035,1663,Electronics,East,3,397.17,0.26,Card,4
14914,6/15/2035,1546,Clothing,West,7,151.89,0.27,Card,3
14915,6/16/2035,1695,Clothing,North,7,122.44,0.14,Card,10
14916,6/17/2035,1285,Clothing,North,3,20.82,0.13,COD,4
14917,6/18/2035,1056,Home,East,6,290.91,0.23,Wallet,9
14918,6/19/2035,1733,Clothing,West,3,265.76,0.03,Wallet,2
14919,6/20/2035,1302,Beauty,East,1,151.81,0.26,COD,4
14920,6/21/2035,1162,Clothing,East,1,46.39,0.02,Card,7
14921,6/22/2035,1018,Home,South,1,266.11,0.07,Card,2
14922,6/23/2035,1369,Electronics,West,1,476.1,0.23,COD,8
14923,6/24/2035,1263,Clothing,North,2,433.44,0.03,Card,10
14924,6/25/2035,1793,Electronics,North,4,518.57,0.34,Wallet,4
14925,6/26/2035,1112,Clothing,North,4,20.61,0.3,Wallet,9
14926,6/27/2035,1487,Beauty,East,3,580.36,0.22,Card,1
14927,6/28/2035,1326,Electronics,West,7,214.73,0.29,COD,7
14928,6/29/2035,1541,Electronics,South,5,594.38,0.31,Card,1
14929,6/30/2035,1646,Beauty,North,1,162.78,0.09,COD,11
14930,7/1/2035,1578,Electronics,West,4,290.85,0.3,Card,10
14931,7/2/2035,1064,Home,North,4,222.05,0.07,Card,11
14932,7/3/2035,1291,Clothing,South,1,223.12,0.14,COD,9
14933,7/4/2035,1024,Home,West,7,507.74,0.2,COD,10
14934,7/5/2035,1548,Electronics,East,2,451.66,0.25,COD,10
14935,7/6/2035,1000,Electronics,East,2,595.41,0.01,COD,1
14936,7/7/2035,1910,Clothing,North,4,373.91,0.1,COD,3
14937,7/8/2035,1548,Beauty,North,2,286.01,0.21,COD,7
14938,7/9/2035,1140,Clothing,West,6,67.69,0.13,Wallet,1
14939,7/10/2035,1743,Electronics,South,1,597.99,0.27,Wallet,5
14940,7/11/2035,1647,Clothing,North,7,337.65,0.23,COD,6
14941,7/12/2035,1900,Beauty,West,4,424.78,0.08,COD,3
14942,7/13/2035,1187,Home,South,1,252.94,0.05,COD,6
14943,7/14/2035,1127,Beauty,North,2,335.41,0.22,Card,4
14944,7/15/2035,1200,Electronics,North,1,566.41,0.16,Card,6
14945,7/16/2035,1126,Electronics,West,2,112.36,0.06,Wallet,6
14946,7/17/2035,1256,Clothing,North,7,186.04,0.11,Wallet,4
14947,7/18/2035,1675,Home,East,2,103.95,0.11,COD,1
14948,7/19/2035,1546,Electronics,South,1,478.45,0.04,Card,3
14949,7/20/2035,1193,Electronics,South,7,51.3,0.19,Card,11
14950,7/21/2035,1702,Home,East,2,62.75,0.27,Card,10
14951,7/22/2035,1103,Electronics,West,6,189.62,0.2,Card,7
14952,7/23/2035,1534,Clothing,East,3,315.8,0.29,COD,2
14953,7/24/2035,1264,Clothing,East,1,252.67,0.04,Wallet,4
14954,7/25/2035,1801,Clothing,South,3,41.22,0.15,Card,6
14955,7/26/2035,1941,Home,West,1,575.13,0.21,COD,5
14956,7/27/2035,1973,Clothing,North,2,572.43,0.24,Card,6
14957,7/28/2035,1383,Clothing,East,2,178.42,0.24,Wallet,5
14958,7/29/2035,1259,Clothing,East,7,442.94,0.26,Wallet,9
14959,7/30/2035,1413,Clothing,West,4,353.47,0.23,Card,11
14960,7/31/2035,1990,Clothing,East,6,153.92,0.03,Wallet,2
14961,8/1/2035,1357,Electronics,West,4,168.37,0.24,COD,4
14962,8/2/2035,1074,Electronics,North,3,302.32,0.25,Card,1
14963,8/3/2035,1354,Electronics,West,2,260.25,0.35,COD,7
14964,8/4/2035,1583,Electronics,North,4,185.37,0.24,Card,1
14965,8/5/2035,1770,Clothing,West,2,487.39,0.24,COD,6
14966,8/6/2035,1909,Home,East,1,296.66,0.18,Wallet,10
14967,8/7/2035,1187,Home,North,4,398.09,0.3,COD,10
14968,8/8/2035,1972,Home,East,3,125.72,0.35,Card,9
14969,8/9/2035,1684,Clothing,North,7,327.1,0.27,Card,2
14970,8/10/2035,1991,Clothing,West,4,201.02,0.21,Card,1
14971,8/11/2035,1289,Clothing,West,2,322.95,0.03,Card,11
14972,8/12/2035,1044,Electronics,West,5,471.78,0.25,Card,11
14973,8/13/2035,1572,Electronics,South,5,464.81,0.25,COD,11
14974,8/14/2035,1082,Clothing,South,7,222.22,0.27,COD,10
14975,8/15/2035,1122,Beauty,North,7,421.15,0.04,COD,3
14976,8/16/2035,1357,Electronics,South,6,565.65,0.23,Card,6
14977,8/17/2035,1527,Electronics,West,7,381.02,0.1,Card,7
14978,8/18/2035,1065,Home,South,2,101.82,0.27,Card,11
14979,8/19/2035,1935,Electronics,South,1,412.63,0.08,Card,8
14980,8/20/2035,1656,Home,East,4,76.37,0.24,Card,4
14981,8/21/2035,1374,Home,North,7,525.18,0.1,Card,8
14982,8/22/2035,1161,Beauty,North,5,317.25,0,COD,7
14983,8/23/2035,1745,Clothing,North,1,240.31,0.22,Wallet,11
14984,8/24/2035,1379,Home,South,2,48.35,0.04,COD,8
14985,8/25/2035,1655,Clothing,West,1,237.76,0.23,COD,5
14986,8/26/2035,1357,Clothing,East,2,543.38,0.32,Card,10
14987,8/27/2035,1187,Clothing,North,6,27.28,0.34,Wallet,7
14988,8/28/2035,1321,Electronics,South,4,292.67,0.08,Card,4
14989,8/29/2035,1449,Clothing,West,1,559.73,0.28,Card,1
14990,8/30/2035,1473,Clothing,East,4,245.98,0.12,Card,3
14991,8/31/2035,1012,Home,East,1,265.48,0.32,Card,10
14992,9/1/2035,1183,Home,North,2,353.46,0.28,COD,9
14993,9/2/2035,1110,Home,North,2,285.82,0.03,Wallet,11
14994,9/3/2035,1926,Electronics,West,1,113.63,0.14,COD,4
14995,9/4/2035,1507,Home,South,6,25.85,0.12,Card,5
14996,9/5/2035,1289,Clothing,West,2,371.74,0.27,COD,3
14997,9/6/2035,1294,Beauty,North,3,553.67,0.14,COD,11
14998,9/7/2035,1450,Beauty,West,3,77.22,0.24,Wallet,6
14999,9/8/2035,1903,Electronics,South,4,138.41,0.21,COD,4
15000,9/9/2035,1214,Home,East,7,231.58,0.34,COD,5
